country,source_url,page_title,purpose,topic,visa_type,entry_type,title,summary,eligibility,required_documents,min_income_threshold,min_education_level,min_age,max_age,required_language_test,min_language_score,points_required,mandatory_prerequisites,total_estimated_cost,cost_currency,processing_time_days_min,processing_time_days_max,pr_pathway_available,pr_pathway_years,last_verified_date,application_process,processing_time,application_fee,validity,official_links,important_notes,extra_information
Germany,https://pakistan.diplo.de/pk-en/service/visa-entry,Schengen Visa - Short Stay Tourist Visa | German Missions in Pakistan,tourist,Short-Stay Tourism,Schengen Visa,detailed,Germany Schengen Tourist Visa Overview,The Schengen Visa allows short-term stays of up to 90 days within a 180-day period for tourism purposes across the Schengen Area. Applicants must show sufficient funds and proof of accommodation. It does not permit employment or long-term residence.,"[""Valid passport with at least 3 months validity beyond stay"", ""Proof of travel medical insurance covering at least EUR 30,000"", ""Proof of sufficient financial means"", ""Proof of accommodation booking""]","[""Passport"", ""Visa application form"", ""Biometric photo"", ""Travel medical insurance"", ""Flight itinerary"", ""Hotel booking or invitation letter"", ""Bank statements (last 3 months)""]","{""threshold_type"": ""fixed_numeric"", ""value"": 45.0, ""unit"": ""EUR_per_day"", ""points_required"": null, ""verified"": false, ""source_url"": null, ""effective_date"": null, ""notes"": ""Approximate daily minimum funds recommended for stay""}",,,,,,,[],80,EUR,10,15,FALSE,,15/01/2025,"[""Book appointment at German consulate/visa center"", ""Complete online application form"", ""Gather required documents"", ""Attend visa interview and submit biometrics"", ""Pay visa fee"", ""Wait for processing decision""]",10-15 business days,EUR 80 (EUR 40 for children 6-12),Up to 90 days within 180-day period,"[""https://pakistan.diplo.de/pk-en/service/visa-entry"", ""https://www.auswaertiges-amt.de/en/visa-service""]","[""Cannot be extended beyond 90 days in most cases"", ""Does not permit employment"", ""Must apply at least 15 days before travel, up to 6 months in advance""]",{}
Germany,https://www.auswaertiges-amt.de/en/visa-service/airport-transit,Airport Transit Visa (Category A) | German Federal Foreign Office,tourist,Airport Transit,Airport Transit Visa,overview,Germany Airport Transit Visa (Category A),The Airport Transit Visa permits nationals of certain countries to pass through the international transit area of a German airport without entering German territory. It is required only for transit and does not allow entry into the Schengen Area.,"[""Nationality subject to airport transit visa requirement"", ""Confirmed onward connecting flight"", ""Valid visa for final destination country if required""]","[""Passport"", ""Visa application form"", ""Biometric photo"", ""Confirmed onward flight ticket"", ""Visa for destination country (if applicable)""]","{""threshold_type"": ""not_applicable"", ""value"": null, ""unit"": null, ""points_required"": null, ""verified"": false, ""source_url"": null, ""effective_date"": null, ""notes"": null}",,,,,,,[],80,EUR,5,10,FALSE,,15/01/2025,"[""Check if nationality requires transit visa"", ""Book appointment at nearest German consulate"", ""Submit application with onward ticket"", ""Attend interview if required"", ""Receive decision""]",5-10 business days,EUR 80,"Single or double transit, valid for date of travel only","[""https://www.auswaertiges-amt.de/en/visa-service/airport-transit""]","[""Only required for nationals on the EU airport transit visa list"", ""Does not allow entry into German territory""]",{}
Germany,https://www.make-it-in-germany.com/en/visa-residence/types/eu-blue-card,EU Blue Card Germany | Make it in Germany,work,Highly Skilled Worker Immigration,EU Blue Card,detailed,Germany EU Blue Card for Skilled Professionals,The EU Blue Card is a residence permit for highly qualified non-EU professionals with a recognized university degree and a job offer meeting a minimum salary threshold. It offers an accelerated path to permanent residence and family reunification benefits.,"[""University degree recognized in Germany"", ""Job offer or employment contract matching qualification"", ""Gross annual salary above statutory threshold"", ""Lower threshold applies for shortage occupations (STEM, doctors)""]","[""Valid passport"", ""University degree certificate"", ""Employment contract or binding job offer"", ""Proof of salary"", ""Biometric photo"", ""Health insurance proof"", ""Proof of accommodation""]","{""threshold_type"": ""fixed_numeric"", ""value"": 45300.0, ""unit"": ""EUR_per_year"", ""points_required"": null, ""verified"": false, ""source_url"": null, ""effective_date"": null, ""notes"": ""General threshold; EUR 41,041.80/year for shortage occupations (2024 figures)""}",bachelor,,,,,,"[""university_degree"", ""job_offer_letter""]",140,EUR,30,90,TRUE,2,15/01/2025,"[""Secure job offer meeting salary threshold"", ""Get degree recognition checked (anabin database)"", ""Apply for national visa at German mission abroad"", ""Enter Germany and register address"", ""Apply for EU Blue Card residence permit at local Foreigners' Office""]",4-12 weeks,"EUR 140 (residence permit), EUR 75 (national visa)",Up to 4 years or duration of contract plus 3 months,"[""https://www.make-it-in-germany.com/en/visa-residence/types/eu-blue-card"", ""https://www.bamf.de/EN/Themen/MigrationAufenthalt/ZuwandererDrittstaaten/BlaueKarte/blauekarte-node.html""]","[""Can lead to permanent residence in 21-33 months with B1 German"", ""Spouses have immediate labor market access"", ""Lower salary threshold for shortage occupations""]","{""shortage_occupation_threshold_eur"": 41041.8}"
Germany,https://www.make-it-in-germany.com/en/visa-residence/types/opportunity-card,Opportunity Card (Chancenkarte) | Make it in Germany,work,Job Seeker Points-Based Immigration,Opportunity Card,detailed,Germany Opportunity Card (Chancenkarte) for Job Seekers,"The Opportunity Card is a points-based residence permit allowing qualified individuals to enter Germany to search for a job matching their qualifications. Points are awarded for education, work experience, language skills, age, and prior Germany connections.","[""Recognized foreign qualification or German-recognized degree"", ""Minimum points threshold reached (6 points)"", ""Basic German (A1) or English (B2) language skills"", ""Sufficient funds to support stay""]","[""Passport"", ""Proof of qualification recognition"", ""Language certificates"", ""Proof of financial resources (blocked account or declaration of commitment)"", ""Biometric photo"", ""Health insurance""]","{""threshold_type"": ""points_based"", ""value"": null, ""unit"": null, ""points_required"": 6, ""verified"": false, ""source_url"": null, ""effective_date"": null, ""notes"": ""Points-based system; funds via blocked account approx EUR 1,027/month required""}",bachelor,,,,A1,6,"[""qualification_recognition"", ""proof_of_funds""]",100,EUR,30,60,TRUE,5,15/01/2025,"[""Get foreign qualification recognized"", ""Take points self-assessment"", ""Open blocked account or secure funds proof"", ""Apply at German mission abroad"", ""Enter Germany and job search for up to 12 months""]",4-8 weeks,"EUR 75 (visa), EUR 100 (residence permit)","Up to 1 year, may allow part-time work (up to 20 hrs/week) during job search","[""https://www.make-it-in-germany.com/en/visa-residence/types/opportunity-card""]","[""Points awarded for qualification, experience, language, age, Germany ties"", ""Allows trial employment up to 2 weeks with any employer"", ""Introduced June 2024""]","{""points_criteria"": [""qualification"", ""professional_experience"", ""language_skills"", ""age"", ""germany_connection"", ""spouse_potential""]}"
Germany,https://www.study-in-germany.de/en/plan-your-studies/requirements/visa,Student Visa for Germany | Study in Germany,study,Higher Education Immigration,Student Visa,detailed,Germany National Student Visa (Type D),The Student Visa allows non-EU nationals to enter Germany for the purpose of full-time university study. Applicants need an admission letter from a recognized institution and proof of financial resources via a blocked account.,"[""Admission letter from a German university or conditional admission"", ""Proof of financial resources (blocked account)"", ""Health insurance coverage"", ""Language proficiency for course of study (German or English)""]","[""Passport"", ""University admission letter"", ""Blocked account confirmation (Verpflichtungserkl\u00e4rung or Sperrkonto)"", ""Health insurance certificate"", ""Academic transcripts"", ""Language certificate"", ""Biometric photo""]","{""threshold_type"": ""fixed_numeric"", ""value"": 11904.0, ""unit"": ""EUR_per_year"", ""points_required"": null, ""verified"": false, ""source_url"": null, ""effective_date"": null, ""notes"": ""Blocked account requirement, 2024 rate approx EUR 992/month""}",bachelor,,,TestDaF,B2,,"[""university_admission_letter"", ""blocked_account""]",75,EUR,25,90,TRUE,2,15/01/2025,"[""Obtain university admission"", ""Open blocked account and deposit required funds"", ""Get health insurance"", ""Apply for national visa at German consulate"", ""Enter Germany and register"", ""Apply for residence permit for study purposes""]",4-12 weeks (varies by consulate),EUR 75,"1 year, renewable for duration of studies","[""https://www.study-in-germany.de/en/plan-your-studies/requirements/visa"", ""https://www.daad.de/en/""]","[""Can work up to 140 full or 280 half days per year"", ""18-month job seeker permit available after graduation""]",{}
Germany,https://www.auswaertiges-amt.de/en/visa-service/-/606984,Visa for Language Course | German Federal Foreign Office,study,Language Course Study,Language Course Visa,overview,Germany Language Course Visa,The Language Course Visa is a national visa for applicants intending to attend an intensive German language course lasting more than 90 days. It requires enrollment confirmation and proof of sufficient funds for the duration of the course.,"[""Enrollment confirmation from a recognized language school"", ""Course duration and intensity meeting minimum weekly hours"", ""Proof of financial resources for stay"", ""Health insurance""]","[""Passport"", ""Language school enrollment confirmation"", ""Course schedule/curriculum"", ""Blocked account confirmation"", ""Health insurance certificate"", ""Biometric photo""]","{""threshold_type"": ""fixed_numeric"", ""value"": 11904.0, ""unit"": ""EUR_per_year"", ""points_required"": null, ""verified"": false, ""source_url"": null, ""effective_date"": null, ""notes"": ""Blocked account requirement similar to student visa""}",none,,,,,,"[""language_school_enrollment"", ""blocked_account""]",75,EUR,15,45,FALSE,,15/01/2025,"[""Enroll in intensive language course (min. 18 hrs/week typical)"", ""Open blocked account"", ""Obtain health insurance"", ""Apply for national visa at consulate"", ""Enter Germany and register address""]",3-6 weeks,EUR 75,"Up to 1 year, matching course duration","[""https://www.auswaertiges-amt.de/en/visa-service/-/606984""]","[""Cannot be converted directly to student visa without new application in most cases"", ""Limited part-time work rights""]",{}
Germany,https://www.auswaertiges-amt.de/en/visa-service/familynachzug,Visa for Family Reunification | German Federal Foreign Office,family_reunion,Family Reunification,Family Reunion Visa,detailed,Germany Family Reunion Visa for Spouses and Children,"The Family Reunion Visa allows spouses, minor children, and in some cases parents to join a family member legally residing in Germany. Basic German language proof (A1) is generally required for spouses joining German citizens or certain residence permit holders.","[""Sponsor holds valid German residence permit, settlement permit, or citizenship"", ""Proof of marriage or parent-child relationship"", ""Sponsor has sufficient living space and income"", ""Basic German language certificate (A1) for spouse in most cases""]","[""Passport"", ""Marriage or birth certificate"", ""Sponsor's residence permit or passport copy"", ""Proof of sponsor's income and accommodation"", ""A1 German language certificate"", ""Biometric photo""]","{""threshold_type"": ""case_by_case"", ""value"": null, ""unit"": null, ""points_required"": null, ""verified"": false, ""source_url"": null, ""effective_date"": null, ""notes"": ""Sponsor must show income covering household needs per social benefit standards""}",,18,,Goethe-Zertifikat,A1,,"[""proof_of_relationship"", ""sponsor_income_proof""]",75,EUR,60,180,TRUE,3,15/01/2025,"[""Sponsor confirms eligibility with local Foreigners' Office"", ""Applicant obtains A1 German certificate"", ""Gather relationship and financial documents"", ""Apply for national visa at German mission abroad"", ""Enter Germany and apply for residence permit""]",2-6 months (varies significantly by country),EUR 75,"Initially 1-3 years, renewable, tied to sponsor's status","[""https://www.auswaertiges-amt.de/en/visa-service/familynachzug""]","[""A1 language requirement waived for spouses of EU Blue Card or highly skilled worker holders in some cases"", ""Processing times vary greatly by embassy""]",{}
Germany,https://www.make-it-in-germany.com/en/visa-residence/types/researchers,Visa for Researchers | Make it in Germany,work,Research and Academic Immigration,Research Visa,detailed,Germany Research Visa (Hosting Agreement Route),The Research Visa is designed for researchers hosted by a recognized German research institution under a hosting agreement. It offers streamlined processing and does not require a separate work permit review.,"[""Hosting agreement with a recognized research institution"", ""Doctoral degree or equivalent research qualification generally expected"", ""Sufficient means to cover living costs"", ""Health insurance""]","[""Passport"", ""Hosting agreement"", ""Proof of qualification"", ""Health insurance"", ""Proof of financial means"", ""Biometric photo""]","{""threshold_type"": ""case_by_case"", ""value"": null, ""unit"": null, ""points_required"": null, ""verified"": false, ""source_url"": null, ""effective_date"": null, ""notes"": ""Determined by hosting agreement stipend or salary""}",phd,,,,,,"[""hosting_agreement""]",100,EUR,20,60,TRUE,2,15/01/2025,"[""Sign hosting agreement with recognized research institute"", ""Apply for national visa at German mission"", ""Enter Germany and register address"", ""Apply for residence permit for research purposes""]",3-8 weeks,"EUR 75 (visa), EUR 100 (residence permit)","Duration of hosting agreement, renewable","[""https://www.make-it-in-germany.com/en/visa-residence/types/researchers""]","[""No separate work permit approval from Federal Employment Agency needed"", ""Family members can join with simplified requirements""]",{}
Germany,https://www.make-it-in-germany.com/en/visa-residence/types/self-employment,Visa for Self-Employment | Make it in Germany,business,Self-Employment and Freelance Immigration,Self-Employment Visa,detailed,Germany Self-Employment Visa (Freelance/Business),"The Self-Employment Visa allows entrepreneurs and freelancers to reside in Germany to establish or conduct self-employed business activity. Applicants must demonstrate an economic interest or regional need, a viable business plan, and adequate financing.","[""Viable business plan showing economic benefit or regional need"", ""Sufficient capital or financing secured"", ""Relevant professional qualification for freelance professions"", ""Age 45+ applicants require adequate pension provision""]","[""Passport"", ""Detailed business plan"", ""Proof of financing/capital"", ""Professional qualification certificates (for freelance professions)"", ""Health insurance"", ""Biometric photo""]","{""threshold_type"": ""case_by_case"", ""value"": null, ""unit"": null, ""points_required"": null, ""verified"": false, ""source_url"": null, ""effective_date"": null, ""notes"": ""Assessed via business plan viability rather than a fixed threshold""}",,,,,,,"[""business_plan""]",140,EUR,60,120,TRUE,3,15/01/2025,"[""Draft comprehensive business plan"", ""Consult local Chamber of Commerce (IHK) if applicable"", ""Apply for national visa at German mission"", ""Enter Germany and register business"", ""Apply for residence permit for self-employment""]","2-4 months, varies by local Foreigners' Office review","EUR 75 (visa), EUR 140 (residence permit)","Up to 3 years initially, renewable","[""https://www.make-it-in-germany.com/en/visa-residence/types/self-employment""]","[""Local Foreigners' Offices consult chambers of commerce/trade on economic interest"", ""Applicants aged 45+ must show adequate retirement provision""]",{}
Germany,https://www.make-it-in-germany.com/en/visa-residence/types/vocational-training,Visa for Vocational Training | Make it in Germany,work,Vocational Training Immigration,Vocational Training Visa,detailed,Germany Vocational Training Visa (Ausbildung),The Vocational Training Visa enables non-EU nationals to pursue recognized vocational training (Ausbildung) with a German employer. Applicants generally need sufficient German language skills and a signed training contract.,"[""Signed vocational training contract with a German company"", ""German language skills sufficient for training (usually B1)"", ""School-leaving certificate qualifying for training entry"", ""Proof of financial means for cost-of-living gap if training allowance is low""]","[""Passport"", ""Training contract (Ausbildungsvertrag)"", ""Language certificate"", ""School certificates"", ""Proof of financial means (if needed)"", ""Biometric photo""]","{""threshold_type"": ""case_by_case"", ""value"": null, ""unit"": null, ""points_required"": null, ""verified"": false, ""source_url"": null, ""effective_date"": null, ""notes"": ""Training allowance often below living cost threshold; blocked account may be required to cover gap""}",none,,,Goethe-Zertifikat,B1,,"[""training_contract""]",75,EUR,30,90,TRUE,2,15/01/2025,"[""Secure vocational training placement with employer"", ""Obtain B1 German language certificate"", ""Apply for national visa at German mission"", ""Enter Germany and register address"", ""Apply for residence permit for training purposes""]",4-12 weeks,EUR 75,"Duration of training program, typically up to 3 years","[""https://www.make-it-in-germany.com/en/visa-residence/types/vocational-training""]","[""18-month job seeker permit available after completing training"", ""Federal Employment Agency approval often required""]",{}
Germany,https://www.auswaertiges-amt.de/en/visa-service/au-pair,Au-Pair Visa | German Federal Foreign Office,work,Au-Pair Cultural Exchange,Au-Pair Visa,overview,Germany Au-Pair Visa,"The Au-Pair Visa allows young people to live with a German host family for up to one year, assisting with childcare and household tasks in exchange for accommodation, meals, and pocket money. Basic German language skills are typically required.","[""Age between 18 and 26"", ""Basic German language skills (usually A1)"", ""Signed au-pair placement agreement with host family"", ""Not married and no children""]","[""Passport"", ""Au-pair contract/agreement"", ""Language certificate (A1)"", ""Health insurance"", ""Host family invitation letter"", ""Biometric photo""]","{""threshold_type"": ""not_applicable"", ""value"": null, ""unit"": null, ""points_required"": null, ""verified"": false, ""source_url"": null, ""effective_date"": null, ""notes"": ""Host family provides pocket money, accommodation and meals rather than a salary""}",none,18,26,Goethe-Zertifikat,A1,,"[""au_pair_agreement""]",75,EUR,15,45,FALSE,,15/01/2025,"[""Find host family and sign au-pair agreement"", ""Obtain basic A1 German certificate"", ""Apply for national visa at German mission"", ""Enter Germany and register with local authorities""]",3-6 weeks,EUR 75,"Up to 1 year, non-extendable","[""https://www.auswaertiges-amt.de/en/visa-service/au-pair""]","[""Cannot be extended beyond 12 months"", ""Pocket money typically around EUR 280/month plus board and lodging""]",{}
Germany,https://www.make-it-in-germany.com/en/visa-residence/types/job-seeker-visa,Job Seeker Visa | Make it in Germany,work,Job Search Immigration,Job Seeker Visa,detailed,Germany Job Seeker Visa for Qualified Professionals,The Job Seeker Visa permits qualified professionals with a recognized degree to travel to Germany for up to six months to search for employment matching their qualifications. It does not permit employment during the search period except in specific circumstances.,"[""University degree recognized in Germany or equivalent professional qualification"", ""Sufficient financial resources for the stay"", ""Health insurance coverage"", ""No permission to work during job search period (limited exceptions)""]","[""Passport"", ""Degree certificate and recognition proof"", ""Proof of financial means (blocked account)"", ""Health insurance"", ""CV and motivation letter"", ""Biometric photo""]","{""threshold_type"": ""fixed_numeric"", ""value"": 12324.0, ""unit"": ""EUR_per_year"", ""points_required"": null, ""verified"": false, ""source_url"": null, ""effective_date"": null, ""notes"": ""Blocked account requirement for 6-month job search period""}",bachelor,,,,,,"[""qualification_recognition"", ""proof_of_funds""]",75,EUR,20,60,FALSE,,15/01/2025,"[""Get qualification recognition assessment"", ""Open blocked account with sufficient funds"", ""Apply for national visa at German mission abroad"", ""Enter Germany to search for qualifying employment"", ""Convert to work visa upon securing a job offer""]",4-8 weeks,EUR 75,"Up to 6 months, non-renewable, non-extendable","[""https://www.make-it-in-germany.com/en/visa-residence/types/job-seeker-visa""]","[""Largely superseded in practice by the Opportunity Card, which allows part-time work"", ""Cannot work during the search period except limited trial work""]",{}
Germany,https://www.make-it-in-germany.com/en/visa-residence/types/skilled-workers,Visa for Qualified Professionals (Skilled Worker Visa) | Make it in Germany,work,Skilled Worker Immigration,Skilled Worker Visa,detailed,Germany Skilled Worker Employment Visa,"The Skilled Worker Visa allows non-EU nationals with vocational or academic qualifications recognized in Germany to take up a concrete job offer. It covers a broader range of professions than the EU Blue Card and has no fixed minimum salary threshold, only that pay matches standard local terms.","[""Recognized vocational or academic qualification"", ""Concrete job offer matching qualification"", ""Salary in line with standard terms for the profession"", ""Health insurance""]","[""Passport"", ""Qualification recognition certificate"", ""Employment contract or binding job offer"", ""Proof of salary"", ""Health insurance"", ""Biometric photo""]","{""threshold_type"": ""case_by_case"", ""value"": null, ""unit"": null, ""points_required"": null, ""verified"": false, ""source_url"": null, ""effective_date"": null, ""notes"": ""No fixed minimum; salary must match standard local/collective terms for the occupation""}",bachelor,,,,,,"[""qualification_recognition"", ""job_offer_letter""]",100,EUR,30,90,TRUE,4,15/01/2025,"[""Get foreign qualification recognized"", ""Secure a job offer matching qualification"", ""Apply for national visa at German mission abroad"", ""Enter Germany and register address"", ""Apply for residence permit for qualified employment""]",4-12 weeks,"EUR 75 (visa), EUR 100 (residence permit)",Up to 4 years or duration of contract,"[""https://www.make-it-in-germany.com/en/visa-residence/types/skilled-workers""]","[""Broader eligibility than EU Blue Card, covers vocational qualifications too"", ""Federal Employment Agency approval may be required depending on case""]",{}
USA,https://pk.usembassy.gov/visas/nonimmigrant-visas/,B1/B2 Visitor Visa | U.S. Embassy in Pakistan,tourist,Visitor Visa (Tourism and Business),B1/B2 Visitor Visa,detailed,USA B1/B2 Tourist and Business Visitor Visa,"The B1/B2 Visitor Visa allows foreign nationals to enter the United States temporarily for business (B-1) or tourism, pleasure, and medical treatment (B-2) purposes. Applicants must demonstrate strong ties to their home country and intent to return after a temporary stay.","[""Purpose of trip is temporary business or pleasure"", ""Intent to return to home country after visit"", ""Sufficient funds to cover expenses in the U.S."", ""Valid passport for travel to the U.S.""]","[""Passport valid for at least 6 months beyond intended stay"", ""DS-160 confirmation page"", ""Visa application fee receipt"", ""Photo meeting U.S. visa specifications"", ""Proof of ties to home country (employment, property, family)"", ""Financial statements""]","{""threshold_type"": ""case_by_case"", ""value"": null, ""unit"": null, ""points_required"": null, ""verified"": false, ""source_url"": null, ""effective_date"": null, ""notes"": ""No fixed amount; consular officer assesses sufficiency of funds and financial stability""}",,,,,,,[],185,USD,3,60,FALSE,,15/01/2025,"[""Complete DS-160 online nonimmigrant visa application"", ""Pay the MRV visa application fee"", ""Schedule visa interview appointment at embassy/consulate"", ""Attend interview and provide biometrics"", ""Await administrative processing if required""]",Varies widely by post; interview wait times can range from days to several months,USD 185 (MRV fee),Typically issued for up to 10 years with multiple entries; each stay limited to up to 6 months,"[""https://travel.state.gov/content/travel/en/us-visas/tourism-visit/visitor.html"", ""https://pk.usembassy.gov/visas/nonimmigrant-visas/""]","[""Visa validity does not guarantee length of stay; that is determined by CBP officer at port of entry"", ""Does not permit employment in the United States"", ""Visa Waiver Program (ESTA) may be an alternative for eligible nationalities""]",{}
USA,https://travel.state.gov/content/travel/en/us-visas/study/student-visa.html,Student Visa | U.S. Department of State,study,Academic Student Immigration,F-1 Student Visa,detailed,USA F-1 Academic Student Visa,The F-1 Visa is for students enrolling in academic programs at SEVP-certified U.S. institutions. Applicants must have a Form I-20 issued by their school and demonstrate sufficient financial resources and intent to depart after completing studies.,"[""Acceptance at a SEVP-certified school"", ""Form I-20 issued by the school"", ""Proof of sufficient funds for tuition and living expenses"", ""Nonimmigrant intent to return home after studies"", ""English proficiency (as required by the institution)""]","[""Passport valid for travel to the U.S."", ""Form I-20"", ""DS-160 confirmation page"", ""SEVIS I-901 fee receipt"", ""Visa application fee receipt"", ""Financial evidence (bank statements, sponsor affidavit)"", ""Academic transcripts and test scores""]","{""threshold_type"": ""case_by_case"", ""value"": null, ""unit"": null, ""points_required"": null, ""verified"": false, ""source_url"": null, ""effective_date"": null, ""notes"": ""Amount tied to school's published cost of attendance shown on Form I-20""}",none,,,TOEFL,80,,"[""form_i20"", ""sevis_fee_payment""]",510,USD,14,90,TRUE,6,15/01/2025,"[""Get accepted by SEVP-certified school and receive Form I-20"", ""Pay SEVIS I-901 fee"", ""Complete DS-160 application"", ""Pay visa application fee"", ""Schedule and attend visa interview"", ""Enter U.S. up to 30 days before program start date""]",2-12 weeks depending on post and administrative processing,USD 185 (MRV fee) + USD 350 (SEVIS I-901 fee),"Duration of academic program (duration of status), visa stamp typically valid up to 5 years","[""https://travel.state.gov/content/travel/en/us-visas/study/student-visa.html"", ""https://www.ice.gov/sevis""]","[""On-campus work limited to 20 hours/week during term"", ""Optional Practical Training (OPT) available for up to 12 months after graduation, 24 months more for STEM fields""]","{""opt_stem_extension_months"": 24}"
USA,https://www.uscis.gov/working-in-the-united-states/h-1b-specialty-occupations,H-1B Specialty Occupations | USCIS,work,Specialty Occupation Skilled Worker Immigration,H-1B Visa,detailed,USA H-1B Specialty Occupation Work Visa,"The H-1B Visa allows U.S. employers to temporarily employ foreign workers in specialty occupations requiring theoretical or technical expertise, typically a bachelor's degree or higher. Selection is subject to an annual lottery due to the statutory cap.","[""Job offer for a specialty occupation from a U.S. employer"", ""Bachelor's degree or higher in a related field (or equivalent experience)"", ""Employer files and wins H-1B cap lottery registration (unless cap-exempt)"", ""Prevailing wage requirements met""]","[""Passport"", ""Form I-129 petition (filed by employer)"", ""Labor Condition Application (LCA) certified by Department of Labor"", ""Academic degree certificates and evaluations"", ""Employment offer letter"", ""DS-160 confirmation page (for visa stamping)""]","{""threshold_type"": ""case_by_case"", ""value"": null, ""unit"": null, ""points_required"": null, ""verified"": false, ""source_url"": null, ""effective_date"": null, ""notes"": ""Salary must meet Department of Labor prevailing wage for the occupation and location""}",bachelor,,,,,,"[""job_offer_letter"", ""lca_certification"", ""cap_lottery_selection""]",4805,USD,90,240,TRUE,6,15/01/2025,"[""Employer submits electronic registration during annual lottery window"", ""If selected, employer files Labor Condition Application with DOL"", ""Employer files Form I-129 petition with USCIS"", ""Beneficiary applies for visa stamp at U.S. embassy/consulate (if abroad)"", ""Beneficiary enters U.S. and begins employment""]",3-8 months (premium processing available for 15 calendar days for additional fee),"USD 460 (I-129 base fee) + USD 1,500-4,000+ (ACWIA, fraud prevention, asylum fees, employer-paid)","Initial period up to 3 years, extendable to a maximum of 6 years (longer in certain green card processing cases)","[""https://www.uscis.gov/working-in-the-united-states/h-1b-specialty-occupations"", ""https://www.uscis.gov/h-1b-electronic-registration-process""]","[""Subject to annual cap of 65,000 plus 20,000 for U.S. advanced degree holders"", ""Cap-exempt employers include universities and nonprofit research organizations"", ""Spouses (H-4) may qualify for work authorization in certain cases""]","{""annual_cap"": 65000, ""advanced_degree_exemption"": 20000}"
USA,https://www.uscis.gov/working-in-the-united-states/temporary-workers/l-1a-intracompany-transferee-executive-or-manager,L-1 Intracompany Transferee Visa | USCIS,work,Intracompany Executive and Specialized Knowledge Transfer,L-1 Visa,detailed,USA L-1 Intracompany Transferee Visa,"The L-1 Visa enables multinational companies to transfer executives, managers (L-1A), or employees with specialized knowledge (L-1B) from a foreign office to a related U.S. office. Applicants must have worked for the qualifying organization abroad for at least one continuous year within the past three years.","[""Employed abroad by the qualifying organization for at least 1 continuous year in the past 3 years"", ""Transferring to an executive, managerial, or specialized knowledge role"", ""Qualifying relationship between foreign and U.S. entities (parent, subsidiary, affiliate, or branch)""]","[""Passport"", ""Form I-129 petition with L Classification Supplement"", ""Evidence of qualifying corporate relationship"", ""Proof of employment abroad (pay stubs, org charts, job description)"", ""DS-160 confirmation page (for visa stamping)""]","{""threshold_type"": ""not_applicable"", ""value"": null, ""unit"": null, ""points_required"": null, ""verified"": false, ""source_url"": null, ""effective_date"": null, ""notes"": null}",,,,,,,"[""prior_foreign_employment_1yr"", ""qualifying_corporate_relationship""]",460,USD,60,180,TRUE,5,15/01/2025,"[""U.S. employer establishes qualifying relationship with foreign entity"", ""Employer files Form I-129 with L Classification Supplement"", ""USCIS adjudicates petition (premium processing optional)"", ""Beneficiary applies for visa stamp at embassy/consulate if abroad"", ""Beneficiary enters U.S. to begin work""]",2-6 months (premium processing available for 15 calendar days for additional fee),"USD 460 (I-129 base fee), additional fraud prevention fee for certain employers","Up to 3 years initially (1 year for new office petitions), extendable up to 7 years (L-1A) or 5 years (L-1B)","[""https://www.uscis.gov/working-in-the-united-states/temporary-workers/l-1a-intracompany-transferee-executive-or-manager"", ""https://www.uscis.gov/working-in-the-united-states/temporary-workers/l-1b-intracompany-transferee-specialized-knowledge""]","[""L-1A executives/managers can lead to EB-1C green card without labor certification"", ""New office petitions have shorter initial validity of 1 year""]","{""l1a_max_years"": 7, ""l1b_max_years"": 5}"
USA,https://travel.state.gov/content/travel/en/us-visas/immigrate/family-immigration/fiance-visa.html,K-1 Fiancé(e) Visa | U.S. Department of State,family_reunion,Fiancé(e) Immigration,K-1 Fiancé Visa,detailed,USA K-1 Fiancé(e) Visa,"The K-1 Visa allows the foreign-citizen fiancé(e) of a U.S. citizen to travel to the United States to marry within 90 days of arrival. After marriage, the foreign spouse may apply to adjust status to permanent resident.","[""Petitioner is a U.S. citizen (not permanent resident)"", ""Both parties are legally free to marry"", ""Couple has met in person within the past 2 years (limited exceptions)"", ""Genuine intent to marry within 90 days of beneficiary's U.S. entry""]","[""Passport"", ""Form I-129F petition approval notice"", ""DS-160 confirmation page"", ""Evidence of relationship (photos, communication records)"", ""Proof of in-person meeting"", ""Medical examination results"", ""Police certificates from countries of residence""]","{""threshold_type"": ""fixed_numeric"", ""value"": 25550.0, ""unit"": ""USD_per_year"", ""points_required"": null, ""verified"": false, ""source_url"": null, ""effective_date"": null, ""notes"": ""Petitioner must meet 100% of Federal Poverty Guidelines for household size (Form I-134 sponsorship, 2024 figures)""}",,18,,,,,"[""i129f_petition_approval"", ""proof_of_in_person_meeting""]",865,USD,180,420,TRUE,0,15/01/2025,"[""U.S. citizen petitioner files Form I-129F with USCIS"", ""USCIS approves petition and forwards to National Visa Center"", ""Beneficiary completes DS-160 and gathers civil documents"", ""Attend visa interview at U.S. embassy/consulate"", ""Enter U.S. and marry within 90 days"", ""File Form I-485 to adjust status after marriage""]",6-14 months from petition filing to visa issuance,"USD 675 (I-129F petition) + USD 265 (DS-160/interview fee, approx.)","Single entry, valid for 6 months from issuance; marriage must occur within 90 days of entry","[""https://travel.state.gov/content/travel/en/us-visas/immigrate/family-immigration/fiance-visa.html"", ""https://www.uscis.gov/i-129f""]","[""Marriage must take place within 90 days of entry or beneficiary must depart the U.S."", ""Not renewable or extendable"", ""Leads directly to green card eligibility via adjustment of status after marriage""]",{}
USA,https://travel.state.gov/content/travel/en/us-visas/immigrate/diversity-visa-program-entry.html,Diversity Visa Program | U.S. Department of State,permanent_residency,Diversity Immigrant Visa Lottery,Diversity Visa (DV Lottery),detailed,USA Diversity Visa (DV) Lottery Program,"The Diversity Visa Program grants up to 55,000 immigrant visas annually through a random lottery to individuals from countries with historically low rates of immigration to the United States. Selected applicants must meet education or work experience requirements and complete standard immigrant visa processing.","[""Born in an eligible low-admission country (or qualify through spouse/parent)"", ""High school education or equivalent, OR 2 years of qualifying work experience in the past 5 years"", ""Selected in the random computer-generated lottery drawing"", ""Not otherwise inadmissible under U.S. immigration law""]","[""Passport"", ""DV entry confirmation number"", ""Form DS-260 online immigrant visa application"", ""Birth certificate"", ""High school diploma or work experience evidence"", ""Police certificates"", ""Medical examination results"", ""Photos meeting DV specifications""]","{""threshold_type"": ""not_applicable"", ""value"": null, ""unit"": null, ""points_required"": null, ""verified"": false, ""source_url"": null, ""effective_date"": null, ""notes"": ""No fixed income requirement, but affidavit of support may be required at visa interview""}",none,18,,,,,"[""dv_lottery_selection"", ""education_or_work_experience_proof""]",330,USD,180,365,TRUE,0,15/01/2025,"[""Submit free electronic DV entry during registration period"", ""Check Entrant Status Check for selection results"", ""If selected, complete Form DS-260 online immigrant visa application"", ""Gather civil documents and complete medical exam"", ""Attend immigrant visa interview at embassy/consulate"", ""Enter U.S. before fiscal year visa expiration to receive green card""]",Selection announced ~8 months after registration; visa issuance must occur within the fiscal year of selection,"USD 330 (DV immigrant visa application fee, paid only if selected)",Immigrant visa valid for single entry within 6 months of issuance; results in permanent residency upon entry,"[""https://travel.state.gov/content/travel/en/us-visas/immigrate/diversity-visa-program-entry.html"", ""https://dvprogram.state.gov/""]","[""Only about 55,000 visas issued annually worldwide via lottery"", ""Selection does not guarantee a visa; must complete all steps before the fiscal year ends"", ""High rate of fraud in unofficial DV lottery websites; only use the official government entry portal""]","{""annual_visa_cap"": 55000}"
USA,https://travel.state.gov/content/travel/en/us-visas/immigrate/family-immigration.html,Family-Based Immigrant Visa | U.S. Department of State,family_reunion,Family-Sponsored Permanent Immigration,Family-Based Immigrant Visa,detailed,USA Family-Based Immigrant Visa (IR/F Categories),"Family-Based Immigrant Visas allow U.S. citizens and lawful permanent residents to sponsor qualifying relatives for permanent residency. Immediate relatives of U.S. citizens face no annual numerical limit, while other family preference categories are subject to per-country caps and often multi-year waiting periods.","[""Qualifying family relationship to a U.S. citizen or lawful permanent resident sponsor"", ""Sponsor meets minimum income requirements (125% of Federal Poverty Guidelines)"", ""Approved Form I-130 petition"", ""Visa number currently available for the applicant's preference category""]","[""Passport"", ""Approved Form I-130 petition notice"", ""Form DS-260 online immigrant visa application"", ""Affidavit of Support (Form I-864)"", ""Birth and marriage certificates establishing relationship"", ""Police certificates"", ""Medical examination results""]","{""threshold_type"": ""fixed_numeric"", ""value"": 26650.0, ""unit"": ""USD_per_year"", ""points_required"": null, ""verified"": false, ""source_url"": null, ""effective_date"": null, ""notes"": ""125% of Federal Poverty Guidelines for sponsor household size (2024 figures, 48 contiguous states)""}",,,,,,,"[""i130_petition_approval"", ""affidavit_of_support""]",745,USD,365,3650,TRUE,0,15/01/2025,"[""U.S. citizen or LPR sponsor files Form I-130 petition"", ""USCIS approves petition and forwards to National Visa Center"", ""Wait for priority date to become current (varies greatly by category and country)"", ""Complete DS-260 and submit civil documents and Affidavit of Support"", ""Attend immigrant visa interview at embassy/consulate"", ""Enter U.S. as lawful permanent resident""]",1-2 years for immediate relatives; 2-20+ years for preference categories depending on country and category,USD 535 (I-130 filing fee) + USD 325 (DS-260 processing) + USD 120 (Affidavit of Support review),Immigrant visa valid for single entry within 6 months; results in permanent residency upon entry,"[""https://travel.state.gov/content/travel/en/us-visas/immigrate/family-immigration.html"", ""https://www.uscis.gov/i-130""]","[""Immediate relatives (spouses, unmarried minor children, parents of U.S. citizens) are not subject to annual numerical caps"", ""F1, F2, F3, F4 preference categories are subject to per-country visa caps and backlogs"", ""Visa Bulletin published monthly shows current priority dates by category and country""]","{""categories"": [""IR (Immediate Relative)"", ""F1 (Unmarried adult children of citizens)"", ""F2 (Spouses/children of LPRs)"", ""F3 (Married children of citizens)"", ""F4 (Siblings of citizens)""]}"
USA,https://www.uscis.gov/working-in-the-united-states/permanent-workers/employment-based-immigration-first-preference-eb-1,Employment-Based Immigration: First Preference EB-1 | USCIS,permanent_residency,Priority Worker Employment-Based Green Card,EB-1 Immigrant Visa,detailed,USA EB-1 Priority Worker Green Card,"The EB-1 category is for priority workers, including individuals with extraordinary ability, outstanding professors/researchers, and multinational executives or managers. Most EB-1 subcategories do not require labor certification (PERM), enabling comparatively faster processing than other employment-based categories.","[""Extraordinary ability in sciences, arts, education, business, or athletics (EB-1A), OR"", ""Outstanding professor or researcher with at least 3 years of experience (EB-1B), OR"", ""Multinational executive or manager transferred to a U.S. entity (EB-1C)"", ""Sustained national or international acclaim (for EB-1A) evidenced by specific criteria""]","[""Passport"", ""Form I-140 petition"", ""Evidence of extraordinary ability or qualifying employment (awards, publications, judging experience, media coverage)"", ""Employer job offer letter (required for EB-1B and EB-1C, not required for EB-1A self-petition)"", ""Form I-485 or DS-260 for final step""]","{""threshold_type"": ""not_applicable"", ""value"": null, ""unit"": null, ""points_required"": null, ""verified"": false, ""source_url"": null, ""effective_date"": null, ""notes"": null}",master,,,,,,"[""evidence_of_extraordinary_ability_or_qualifying_role""]",715,USD,180,730,TRUE,0,15/01/2025,"[""Gather evidence of extraordinary ability or qualifying role"", ""File Form I-140 petition (self-petition allowed for EB-1A)"", ""Await priority date to become current per Visa Bulletin"", ""File Form I-485 (if in U.S.) or complete consular processing via DS-260"", ""Attend interview if required and receive green card decision""]",6-24 months depending on service center workload and priority date backlogs,"USD 715 (I-140 filing fee) + USD 1,440 (I-485 filing fee, if applicable)","Permanent residency (green card), renewable every 10 years","[""https://www.uscis.gov/working-in-the-united-states/permanent-workers/employment-based-immigration-first-preference-eb-1""]","[""No PERM labor certification required for any EB-1 subcategory"", ""EB-1A allows self-petition without an employer sponsor"", ""Priority dates can retrogress for applicants born in India and China""]","{""subcategories"": [""EB-1A Extraordinary Ability"", ""EB-1B Outstanding Professor/Researcher"", ""EB-1C Multinational Executive/Manager""]}"
USA,https://www.uscis.gov/working-in-the-united-states/permanent-workers/employment-based-immigration-second-preference-eb-2,Employment-Based Immigration: Second Preference EB-2 | USCIS,permanent_residency,Advanced Degree Professional Employment-Based Green Card,EB-2 Immigrant Visa,detailed,USA EB-2 Advanced Degree / Exceptional Ability Green Card,"The EB-2 category covers professionals holding an advanced degree (or bachelor's degree plus 5 years progressive experience) or individuals of exceptional ability in the sciences, arts, or business. It generally requires a PERM labor certification unless the applicant qualifies for a National Interest Waiver.","[""Advanced degree (master's or higher), or bachelor's degree plus 5 years of progressive post-baccalaureate experience"", ""Exceptional ability in sciences, arts, or business, OR"", ""National Interest Waiver justification if self-petitioning without a job offer"", ""Job offer and approved PERM labor certification (unless NIW applies)""]","[""Passport"", ""Approved PERM labor certification (ETA Form 9089), unless NIW"", ""Form I-140 petition"", ""Degree certificates and credential evaluations"", ""Employer job offer letter (unless NIW self-petition)"", ""Form I-485 or DS-260 for final step""]","{""threshold_type"": ""case_by_case"", ""value"": null, ""unit"": null, ""points_required"": null, ""verified"": false, ""source_url"": null, ""effective_date"": null, ""notes"": ""Offered wage must meet or exceed the PERM-certified prevailing wage for the position""}",master,,,,,,"[""perm_labor_certification_or_niw"", ""job_offer_letter""]",715,USD,365,1460,TRUE,0,15/01/2025,"[""Employer obtains PERM labor certification from Department of Labor (unless NIW)"", ""Employer or self-petitioner files Form I-140 petition"", ""Await priority date to become current per Visa Bulletin"", ""File Form I-485 (if in U.S.) or complete consular processing via DS-260"", ""Attend interview if required and receive green card decision""]",1-4 years including PERM processing and priority date backlogs (longer for India-born applicants),"USD 715 (I-140 filing fee) + USD 1,440 (I-485 filing fee, if applicable), PERM filing has no government fee","Permanent residency (green card), renewable every 10 years","[""https://www.uscis.gov/working-in-the-united-states/permanent-workers/employment-based-immigration-second-preference-eb-2""]","[""National Interest Waiver allows self-petition without employer sponsorship or labor certification"", ""Significant backlogs exist for applicants born in India due to per-country caps"", ""PERM process alone can take 12+ months before I-140 filing""]","{""niw_available"": true}"
USA,https://www.uscis.gov/working-in-the-united-states/permanent-workers/employment-based-immigration-third-preference-eb-3,Employment-Based Immigration: Third Preference EB-3 | USCIS,permanent_residency,Skilled Worker and Professional Employment-Based Green Card,EB-3 Immigrant Visa,detailed,"USA EB-3 Skilled Worker, Professional, and Other Worker Green Card","The EB-3 category covers skilled workers (minimum 2 years experience or training), professionals with a bachelor's degree, and other workers performing unskilled labor. It requires an approved PERM labor certification and a permanent, full-time job offer from a U.S. employer.","[""Bachelor's degree for the professional subcategory, OR at least 2 years of experience/training for skilled workers, OR unskilled labor position for 'other workers'"", ""Approved PERM labor certification"", ""Permanent, full-time job offer from a U.S. employer"", ""Offered wage meets prevailing wage determination""]","[""Passport"", ""Approved PERM labor certification (ETA Form 9089)"", ""Form I-140 petition"", ""Degree certificates or evidence of experience/training"", ""Employer job offer letter"", ""Form I-485 or DS-260 for final step""]","{""threshold_type"": ""case_by_case"", ""value"": null, ""unit"": null, ""points_required"": null, ""verified"": false, ""source_url"": null, ""effective_date"": null, ""notes"": ""Offered wage must meet or exceed the PERM-certified prevailing wage for the position""}",bachelor,,,,,,"[""perm_labor_certification"", ""job_offer_letter""]",715,USD,365,1825,TRUE,0,15/01/2025,"[""Employer obtains PERM labor certification from Department of Labor"", ""Employer files Form I-140 petition on behalf of employee"", ""Await priority date to become current per Visa Bulletin"", ""File Form I-485 (if in U.S.) or complete consular processing via DS-260"", ""Attend interview if required and receive green card decision""]",1-5+ years including PERM processing and priority date backlogs (longer for India and China-born applicants),"USD 715 (I-140 filing fee) + USD 1,440 (I-485 filing fee, if applicable), PERM filing has no government fee","Permanent residency (green card), renewable every 10 years","[""https://www.uscis.gov/working-in-the-united-states/permanent-workers/employment-based-immigration-third-preference-eb-3""]","[""'Other workers' subcategory subject to a smaller annual visa allocation and longer waits"", ""Bachelor's degree equivalency evaluations required for foreign degrees"", ""Substantial backlogs for India and China-born applicants due to per-country caps""]","{""subcategories"": [""Skilled Worker"", ""Professional"", ""Other Worker""]}"
Australia,https://immi.homeaffairs.gov.au/visas/getting-a-visa/visa-listing/visitor-600,Visitor Visa (Subclass 600) | Department of Home Affairs,tourist,Short-Stay Tourism and Business Visits,Visitor Visa (Subclass 600),detailed,Australia Visitor Visa (Subclass 600),"The Visitor Visa (Subclass 600) allows tourism, family visit, or business visitor stays of up to 3, 6, or 12 months, depending on the stream and country of passport. Applicants must show genuine visitor intent, sufficient funds, and health/character requirements.","[""Genuine intention to visit temporarily for tourism, business, or family purposes"", ""Sufficient funds to support the stay"", ""Meets health and character requirements"", ""No intention to work (except limited business visitor activities)""]","[""Valid passport"", ""Completed online application (ImmiAccount)"", ""Evidence of financial capacity (bank statements, payslips)"", ""Travel itinerary"", ""Evidence of ties to home country (employment, family)"", ""Invitation letter (if visiting family/friends)""]","{""threshold_type"": ""case_by_case"", ""value"": null, ""unit"": null, ""points_required"": null, ""verified"": false, ""source_url"": null, ""effective_date"": null, ""notes"": ""No fixed amount; case officer assesses sufficiency of funds relative to length and nature of stay""}",,,,,,,[],195,AUD,20,60,FALSE,,15/01/2025,"[""Create ImmiAccount online"", ""Complete Subclass 600 application form"", ""Upload supporting documents"", ""Pay visa application charge"", ""Undergo health/character checks if requested"", ""Await outcome via ImmiAccount""]","20-60 days depending on stream (Tourist, Sponsored Family, Business Visitor)",AUD 195 (Tourist stream base application charge),"Stay period of up to 3, 6, or 12 months per entry; visa itself can be valid for multiple entries over 12 months","[""https://immi.homeaffairs.gov.au/visas/getting-a-visa/visa-listing/visitor-600""]","[""Does not permit employment in Australia"", ""Sponsored Family stream requires an eligible Australian sponsor"", ""Processing times vary significantly by applicant's country of passport""]","{""streams"": [""Tourist"", ""Sponsored Family"", ""Business Visitor"", ""Approved Destination Status""]}"
Australia,https://immi.homeaffairs.gov.au/visas/getting-a-visa/visa-listing/work-holiday-417,Working Holiday Visa (Subclass 417) | Department of Home Affairs,work,Working Holiday Cultural Exchange,Working Holiday Visa (Subclass 417),detailed,Australia Working Holiday Visa (Subclass 417),The Working Holiday Visa (Subclass 417) allows young people from eligible partner countries to holiday in Australia for up to 12 months with the ability to work and study to supplement their travel funds. Extensions are possible for a second and third year subject to specified regional work.,"[""Passport from an eligible Working Holiday Maker partner country"", ""Aged 18 to 30 (up to 35 for some nationalities)"", ""No dependent children accompanying the applicant"", ""Sufficient funds for the initial part of the stay (approximately AUD 5,000 recommended)"", ""Meets health and character requirements""]","[""Valid passport"", ""Completed online application (ImmiAccount)"", ""Evidence of funds (bank statement)"", ""Evidence of onward travel intent (in some cases)"", ""Health examination results (if requested)""]","{""threshold_type"": ""fixed_numeric"", ""value"": 5000.0, ""unit"": ""AUD_lump_sum"", ""points_required"": null, ""verified"": false, ""source_url"": null, ""effective_date"": null, ""notes"": ""Recommended minimum funds to demonstrate ability to support the initial stay; not a strict legal requirement""}",,18,30,,,,[],650,AUD,14,45,FALSE,,15/01/2025,"[""Confirm nationality eligibility for the 417 program"", ""Create ImmiAccount and submit online application"", ""Pay visa application charge"", ""Provide health examination if requested"", ""Enter Australia within 12 months of grant""]",2-6 weeks,AUD 650,12 months from date of first entry; second and third year extensions available with qualifying specified work,"[""https://immi.homeaffairs.gov.au/visas/getting-a-visa/visa-listing/work-holiday-417""]","[""Work with a single employer generally limited to 6 months unless an exemption applies"", ""Second-year extension requires 3 months of specified regional/agricultural work"", ""Cannot bring dependent children on this visa""]","{""max_consecutive_years"": 3}"
Australia,https://immi.homeaffairs.gov.au/visas/getting-a-visa/visa-listing/student-500,Student Visa (Subclass 500) | Department of Home Affairs,study,Higher Education and Vocational Student Immigration,Student Visa (Subclass 500),detailed,Australia Student Visa (Subclass 500),"The Student Visa (Subclass 500) allows international students to undertake full-time study at a registered Australian education provider (CRICOS). Applicants must meet the Genuine Student requirement, hold Overseas Student Health Cover, and demonstrate financial capacity for tuition and living costs.","[""Confirmation of Enrolment (CoE) from a CRICOS-registered institution"", ""Meets the Genuine Student (GS) requirement"", ""Overseas Student Health Cover (OSHC) for the visa duration"", ""Sufficient funds for tuition, travel, and living costs"", ""English language proficiency as required by the institution""]","[""Valid passport"", ""Confirmation of Enrolment (CoE)"", ""Genuine Student statement"", ""Overseas Student Health Cover policy"", ""Evidence of financial capacity (bank statements, loan, scholarship)"", ""English test results (IELTS, TOEFL, PTE, etc.)"", ""Academic transcripts""]","{""threshold_type"": ""fixed_numeric"", ""value"": 29710.0, ""unit"": ""AUD_per_year"", ""points_required"": null, ""verified"": false, ""source_url"": null, ""effective_date"": null, ""notes"": ""Minimum living cost requirement for financial capacity assessment (2024 figures), plus tuition and travel costs""}",none,,,IELTS,5.5,,"[""confirmation_of_enrolment"", ""oshc_policy""]",710,AUD,21,90,TRUE,2,15/01/2025,"[""Receive offer and pay deposit to obtain Confirmation of Enrolment"", ""Purchase Overseas Student Health Cover"", ""Complete Genuine Student statement"", ""Submit Subclass 500 application via ImmiAccount"", ""Provide biometrics and health examination if required"", ""Await visa grant before travel""]",3-12 weeks depending on provider risk level and applicant's country,AUD 710,Duration of course plus a short buffer period (typically course length plus 1-2 months),"[""https://immi.homeaffairs.gov.au/visas/getting-a-visa/visa-listing/student-500""]","[""Can work up to 48 hours per fortnight while course is in session, unlimited during scheduled breaks"", ""Post-study work rights available via the Temporary Graduate visa (subclass 485) after completion""]",{}
Australia,https://immi.homeaffairs.gov.au/visas/getting-a-visa/visa-listing/skilled-independent-189,Skilled Independent Visa (Subclass 189) | Department of Home Affairs,permanent_residency,Points-Tested Skilled Migration,Skilled Independent Visa (Subclass 189),detailed,Australia Skilled Independent Visa (Subclass 189),"The Skilled Independent Visa is a points-tested permanent visa for skilled workers not sponsored by an employer, state, or family member. Applicants must submit an Expression of Interest (EOI) via SkillSelect, receive an invitation, and score at least the minimum points threshold, currently 65.","[""Occupation on the relevant Skilled Occupation List"", ""Positive skills assessment from the relevant assessing authority"", ""Competent English or higher (minimum for points eligibility)"", ""Age under 45 at time of invitation"", ""Minimum of 65 points on the points test"", ""Invitation to apply received via SkillSelect""]","[""Valid passport"", ""Positive skills assessment result"", ""English test results"", ""Expression of Interest (EOI) and invitation to apply"", ""Evidence of work experience"", ""Police clearance certificates"", ""Health examination results""]","{""threshold_type"": ""points_based"", ""value"": null, ""unit"": null, ""points_required"": 65, ""verified"": false, ""source_url"": null, ""effective_date"": null, ""notes"": ""Minimum 65 points required on the points test; higher scores improve invitation chances given competitive rounds""}",bachelor,18,44,IELTS,6,65,"[""skills_assessment"", ""eoi_invitation""]",4770,AUD,240,540,TRUE,0,15/01/2025,"[""Obtain positive skills assessment for a nominated occupation"", ""Submit Expression of Interest via SkillSelect"", ""Receive invitation to apply (points-based ranking)"", ""Lodge Subclass 189 visa application within 60 days of invitation"", ""Undergo health and character checks"", ""Receive visa grant as a permanent resident""]",8-18 months depending on occupation ceiling and processing priorities,"AUD 4,770 (primary applicant, 2024 base rate)","Permanent visa; unlimited stay, travel rights for 5 years from grant, renewable via Resident Return Visa thereafter","[""https://immi.homeaffairs.gov.au/visas/getting-a-visa/visa-listing/skilled-independent-189""]","[""Occupation ceilings and pro-rata arrangements affect invitation rounds for popular occupations"", ""No state or territory nomination and no employer sponsorship required"", ""Points test considers age, English, work experience, education, and other factors""]","{""points_test_max"": 130}"
Australia,https://immi.homeaffairs.gov.au/visas/getting-a-visa/visa-listing/skilled-nominated-190,Skilled Nominated Visa (Subclass 190) | Department of Home Affairs,permanent_residency,State-Nominated Skilled Migration,Skilled Nominated Visa (Subclass 190),detailed,Australia Skilled Nominated Visa (Subclass 190),"The Skilled Nominated Visa is a points-tested permanent visa requiring nomination by an Australian state or territory government, which adds 5 points to the applicant's points test score. Applicants commit to living in the nominating state for a period, typically at least 2 years.","[""Occupation on the relevant state/territory skilled occupation list"", ""Positive skills assessment from the relevant assessing authority"", ""Nomination from an Australian state or territory government"", ""Minimum 65 points on the points test including the 5 nomination points"", ""Commitment to live in the nominating state for a specified period""]","[""Valid passport"", ""Positive skills assessment result"", ""English test results"", ""State/territory nomination approval"", ""Expression of Interest (EOI) and invitation to apply"", ""Police clearance certificates"", ""Health examination results""]","{""threshold_type"": ""points_based"", ""value"": null, ""unit"": null, ""points_required"": 65, ""verified"": false, ""source_url"": null, ""effective_date"": null, ""notes"": ""Minimum 65 points including 5 points automatically awarded for state/territory nomination""}",bachelor,18,44,IELTS,6,65,"[""skills_assessment"", ""state_nomination""]",4770,AUD,210,480,TRUE,0,15/01/2025,"[""Obtain positive skills assessment for a nominated occupation"", ""Submit Expression of Interest via SkillSelect nominating a specific state/territory"", ""Apply for and receive state/territory nomination"", ""Receive invitation to apply after nomination approval"", ""Lodge Subclass 190 visa application within 60 days"", ""Undergo health and character checks and receive grant""]",7-16 months including state nomination assessment time,"AUD 4,770 (primary applicant, 2024 base rate)","Permanent visa; unlimited stay, travel rights for 5 years from grant, renewable via Resident Return Visa thereafter","[""https://immi.homeaffairs.gov.au/visas/getting-a-visa/visa-listing/skilled-nominated-190""]","[""Each state/territory sets its own additional criteria and occupation lists"", ""Nominated applicants generally must live in the nominating state for at least 2 years"", ""State nomination adds 5 points to the applicant's points test total""]",{}
Australia,https://immi.homeaffairs.gov.au/visas/getting-a-visa/visa-listing/employer-nomination-scheme-186,Employer Nomination Scheme Visa (Subclass 186) | Department of Home Affairs,work,Employer-Sponsored Permanent Skilled Migration,Employer Nomination Scheme Visa (Subclass 186),detailed,Australia Employer Nomination Scheme Visa (Subclass 186),"The Employer Nomination Scheme Visa is a permanent visa for skilled workers nominated by an approved Australian employer. It has three streams: Direct Entry, Temporary Residence Transition, and Labour Agreement, each with distinct eligibility pathways.","[""Nomination by an approved Australian employer for an eligible occupation"", ""Positive skills assessment (Direct Entry stream) or 3 years on a relevant temporary work visa (Temporary Residence Transition stream)"", ""Competent English (or exemptions for certain streams)"", ""Under 45 years of age at time of application (with some exemptions)"", ""Relevant qualifications and experience for the nominated occupation""]","[""Valid passport"", ""Employer nomination approval"", ""Positive skills assessment (Direct Entry stream)"", ""English test results (or exemption evidence)"", ""Employment contract"", ""Evidence of relevant work experience"", ""Police clearance certificates""]","{""threshold_type"": ""case_by_case"", ""value"": null, ""unit"": null, ""points_required"": null, ""verified"": false, ""source_url"": null, ""effective_date"": null, ""notes"": ""Salary must meet the Temporary Skilled Migration Income Threshold and market salary rate for the position""}",bachelor,,44,IELTS,6,,"[""employer_nomination"", ""skills_assessment_or_transition_eligibility""]",4770,AUD,180,480,TRUE,0,15/01/2025,"[""Employer lodges nomination for an eligible occupation"", ""Applicant lodges visa application under the relevant stream"", ""Provide skills assessment or transition evidence as applicable"", ""Undergo health and character checks"", ""Receive visa grant as a permanent resident""]",6-16 months depending on stream and occupation,"AUD 4,770 (primary applicant, 2024 base rate)","Permanent visa; unlimited stay, travel rights for 5 years from grant, renewable via Resident Return Visa thereafter","[""https://immi.homeaffairs.gov.au/visas/getting-a-visa/visa-listing/employer-nomination-scheme-186""]","[""Temporary Residence Transition stream generally requires 3 years on a Subclass 482 or 457 visa with the same employer"", ""Direct Entry stream requires a full skills assessment"", ""Labour Agreement stream requires an existing labour agreement between the employer and the government""]","{""streams"": [""Direct Entry"", ""Temporary Residence Transition"", ""Labour Agreement""]}"
Australia,https://immi.homeaffairs.gov.au/visas/getting-a-visa/visa-listing/temporary-skill-shortage-482,Temporary Skill Shortage Visa (Subclass 482) | Department of Home Affairs,work,Employer-Sponsored Temporary Skilled Migration,Temporary Skill Shortage Visa (Subclass 482),detailed,Australia Temporary Skill Shortage Visa (Subclass 482),"The Temporary Skill Shortage Visa allows Australian employers to sponsor skilled workers for occupations on the relevant skills list when a suitably qualified Australian worker cannot be found. It has Short-Term, Medium-Term, and Labour Agreement streams with differing visa lengths and pathways to permanent residence.","[""Sponsorship by an approved Australian business"", ""Nomination for an occupation on the relevant skilled occupation list"", ""At least 2 years of relevant work experience"", ""Meets the Core Skills Income Threshold (or applicable exemption)"", ""Competent English proficiency (or exemption based on passport/qualifications)""]","[""Valid passport"", ""Approved sponsorship and nomination documents"", ""Employment contract"", ""Evidence of relevant work experience (2+ years)"", ""English test results (if required)"", ""Skills assessment (for certain occupations)"", ""Health examination results""]","{""threshold_type"": ""fixed_numeric"", ""value"": 73150.0, ""unit"": ""AUD_per_year"", ""points_required"": null, ""verified"": false, ""source_url"": null, ""effective_date"": null, ""notes"": ""Core Skills Income Threshold (CSIT), 2024 figures; salary must also meet market rate""}",bachelor,,,IELTS,5,,"[""employer_sponsorship"", ""occupation_nomination""]",1595,AUD,60,150,TRUE,3,15/01/2025,"[""Employer obtains standard business sponsorship approval"", ""Employer lodges nomination for the position"", ""Applicant lodges Subclass 482 visa application"", ""Provide evidence of experience, English proficiency, and health/character checks"", ""Receive visa grant and commence employment with sponsoring employer""]",2-5 months depending on stream and occupation,"AUD 1,595 (Short-Term stream, primary applicant, 2024 base rate)",Up to 2 years (Short-Term stream) or up to 4 years (Medium-Term stream),"[""https://immi.homeaffairs.gov.au/visas/getting-a-visa/visa-listing/temporary-skill-shortage-482""]","[""Medium-Term stream occupations can lead to permanent residence via Subclass 186 Temporary Residence Transition stream"", ""Short-Term stream generally limited to one onshore renewal"", ""Visa is tied to the sponsoring employer unless a new sponsor is found""]","{""streams"": [""Short-Term"", ""Medium-Term"", ""Labour Agreement""]}"
Australia,https://immi.homeaffairs.gov.au/visas/getting-a-visa/visa-listing/partner-onshore/partner-temporary-provisional-visa-820,Partner Visa (Subclass 820/801) | Department of Home Affairs,family_reunion,Partner and Spousal Immigration,Partner Visa (Subclass 820/801),detailed,Australia Partner Visa (Subclass 820 Temporary and 801 Permanent),"The Partner Visa allows the spouse or de facto partner of an Australian citizen, permanent resident, or eligible New Zealand citizen to live in Australia. Applicants lodge combined applications for a temporary Subclass 820 visa followed by a permanent Subclass 801 visa, generally assessed after a 2-year relationship period.","[""Married to or in a de facto relationship with an eligible Australian sponsor"", ""Genuine and continuing relationship (de facto relationship generally at least 12 months, with exceptions)"", ""Sponsor is an Australian citizen, permanent resident, or eligible New Zealand citizen"", ""Meets health and character requirements""]","[""Valid passport"", ""Evidence of relationship (joint finances, cohabitation, social recognition)"", ""Sponsor's proof of citizenship or residency status"", ""Statutory declarations from the couple and third parties"", ""Police clearance certificates"", ""Health examination results""]","{""threshold_type"": ""not_applicable"", ""value"": null, ""unit"": null, ""points_required"": null, ""verified"": false, ""source_url"": null, ""effective_date"": null, ""notes"": ""No fixed income requirement, but sponsor must meet character requirements and, in some cases, an Assurance of Support may apply""}",,18,,,,,"[""proof_of_relationship"", ""eligible_sponsor""]",9095,AUD,365,730,TRUE,2,15/01/2025,"[""Sponsor lodges sponsorship application"", ""Applicant lodges combined Subclass 820/801 application with relationship evidence"", ""Attend interview if requested by case officer"", ""Receive temporary Subclass 820 visa grant"", ""After the eligible period (generally 2 years), permanent Subclass 801 visa is assessed and granted""]",12-24 months for the temporary stage; permanent stage assessed near the 2-year relationship mark,"AUD 9,095 (2024 base rate, combined application)",Subclass 820 valid until permanent decision; Subclass 801 is a permanent visa,"[""https://immi.homeaffairs.gov.au/visas/getting-a-visa/visa-listing/partner-onshore/partner-temporary-provisional-visa-820""]","[""One of the highest visa application charges among Australian visa categories"", ""Relationship must be genuine, ongoing, and well-documented with substantial evidence"", ""Prospective Marriage Visa (Subclass 300) is a separate pathway for engaged couples not yet married""]",{}
Australia,https://immi.homeaffairs.gov.au/visas/getting-a-visa/visa-listing/global-talent-858,Global Talent Visa (Subclass 858) | Department of Home Affairs,work,Distinguished Talent Permanent Migration,Global Talent Visa (Subclass 858),detailed,Australia Global Talent Visa (Subclass 858),"The Global Talent Visa is a permanent visa for internationally recognized individuals with exceptional and outstanding achievements in a target sector, such as technology, health, or advanced manufacturing. Applicants must demonstrate a high income or equivalent recognition and be nominated within an eligible target sector.","[""Internationally recognized record of exceptional and outstanding achievement in an eligible target sector"", ""Prominent in the field with ongoing ability to contribute to the Australian economy or community"", ""Ability to attract a salary at or above the Fair Work high income threshold, or equivalent evidence of prominence"", ""Nomination by an eligible Australian individual, organization, or the applicant's own nomination in some cases""]","[""Valid passport"", ""Evidence of international recognition (awards, publications, media coverage, patents)"", ""Nomination from an eligible nominator"", ""Evidence of salary or earning capacity"", ""Police clearance certificates"", ""Health examination results""]","{""threshold_type"": ""fixed_numeric"", ""value"": 175000.0, ""unit"": ""AUD_per_year"", ""points_required"": null, ""verified"": false, ""source_url"": null, ""effective_date"": null, ""notes"": ""Approximate Fair Work high income threshold used as one form of evidence of prominence (2024 figures)""}",,,,,,,"[""nomination"", ""evidence_of_exceptional_achievement""]",4770,AUD,30,180,TRUE,0,15/01/2025,"[""Confirm eligibility under an approved target sector"", ""Obtain nomination from an eligible individual or organization"", ""Submit expression of interest via the Global Talent program portal"", ""Lodge Subclass 858 visa application with supporting evidence"", ""Undergo health and character checks and receive permanent visa grant""]","1-6 months, among the fastest permanent skilled pathways","AUD 4,770 (primary applicant, 2024 base rate)","Permanent visa; unlimited stay, travel rights for 5 years from grant, renewable via Resident Return Visa thereafter","[""https://immi.homeaffairs.gov.au/visas/getting-a-visa/visa-listing/global-talent-858""]","[""Targets sectors such as AgTech, Space, FinTech, Health, Energy, and Advanced Manufacturing"", ""Among the fastest processing permanent visas due to the program's priority handling"", ""Family members can be included in the same application""]",{}
Australia,https://immi.homeaffairs.gov.au/visas/getting-a-visa/visa-listing/business-innovation-and-investment-provisional-188,Business Innovation and Investment Visa (Subclass 188) | Department of Home Affairs,business,Business and Investor Immigration,Business Innovation and Investment Visa (Subclass 188),detailed,Australia Business Innovation and Investment (Provisional) Visa (Subclass 188),"The Business Innovation and Investment Visa is a provisional visa for business owners, investors, and entrepreneurs who wish to establish, develop, or manage a business, or make a designated investment in Australia. It has several streams including Business Innovation, Investor, and Entrepreneur, each with distinct financial thresholds.","[""Nomination by a state or territory government"", ""Score at least 65 points on the Business Innovation and Investment points test (relevant streams)"", ""Business turnover, net assets, or investment funds meeting stream-specific thresholds"", ""Under 55 years of age (state/territory may waive for exceptional economic benefit)""]","[""Valid passport"", ""State/territory nomination approval"", ""Evidence of business ownership, turnover, or net assets"", ""Evidence of investment funds (Investor stream)"", ""Business plan (Entrepreneur stream)"", ""Police clearance certificates"", ""Health examination results""]","{""threshold_type"": ""fixed_numeric"", ""value"": 1500000.0, ""unit"": ""AUD_designated_investment"", ""points_required"": null, ""verified"": false, ""source_url"": null, ""effective_date"": null, ""notes"": ""Minimum designated investment for the Investor stream (2024 figures); other streams use net asset/turnover thresholds instead""}",,,54,,,65,"[""state_nomination"", ""business_or_investment_evidence""]",9345,AUD,180,540,TRUE,4,15/01/2025,"[""Submit Expression of Interest via SkillSelect nominating a state/territory and stream"", ""Receive state/territory nomination invitation"", ""Lodge Subclass 188 visa application within the invitation period"", ""Provide evidence of business/investment credentials"", ""Undergo health and character checks and receive provisional visa grant""]",6-18 months depending on stream and state processing,"AUD 9,345 (primary applicant, 2024 base rate, varies by stream)","Provisional visa valid up to 5 years, leading to permanent Subclass 888 visa upon meeting stream requirements","[""https://immi.homeaffairs.gov.au/visas/getting-a-visa/visa-listing/business-innovation-and-investment-provisional-188""]","[""Requires ongoing state or territory nomination and compliance with business/investment activity conditions"", ""Streams include Business Innovation, Investor, Significant Investor, Premium Investor, and Entrepreneur"", ""Leads to permanent residence via Subclass 888 after fulfilling stream-specific conditions""]","{""streams"": [""Business Innovation"", ""Investor"", ""Significant Investor"", ""Entrepreneur""]}"
Australia,https://immi.homeaffairs.gov.au/visas/getting-a-visa/visa-listing/contributory-parent-143,Contributory Parent Visa (Subclass 143) | Department of Home Affairs,family_reunion,Parent Family Reunification,Contributory Parent Visa (Subclass 143),detailed,Australia Contributory Parent Visa (Subclass 143),"The Contributory Parent Visa is a permanent visa for parents of Australian citizens, permanent residents, or eligible New Zealand citizens who meet the Balance of Family test. It carries a significantly higher application charge than the non-contributory Parent Visa but offers substantially faster processing.","[""Sponsored by a child who is an Australian citizen, permanent resident, or eligible New Zealand citizen"", ""Meets the Balance of Family test (at least half of children live in Australia, or more children in Australia than in any other single country)"", ""Meets health and character requirements"", ""Assurance of Support arranged for the applicant""]","[""Valid passport"", ""Sponsorship approval from an eligible child"", ""Evidence meeting the Balance of Family test"", ""Assurance of Support bond"", ""Police clearance certificates"", ""Health examination results""]","{""threshold_type"": ""not_applicable"", ""value"": null, ""unit"": null, ""points_required"": null, ""verified"": false, ""source_url"": null, ""effective_date"": null, ""notes"": ""No fixed applicant income requirement, but an Assurance of Support financial bond from the sponsor is required""}",,,,,,,"[""child_sponsorship"", ""balance_of_family_test"", ""assurance_of_support""]",47755,AUD,1460,2555,TRUE,0,15/01/2025,"[""Child sponsor lodges sponsorship application"", ""Applicant lodges Subclass 143 application with Balance of Family evidence"", ""Arrange Assurance of Support bond"", ""Undergo health and character checks"", ""Await visa grant, typically after several years due to the parent visa queue""]",4-7 years due to capped annual places for the Contributory Parent category,"AUD 47,755 (approximate total including second instalment, primary applicant, 2024 base rate)","Permanent visa; unlimited stay, travel rights for 5 years from grant, renewable via Resident Return Visa thereafter","[""https://immi.homeaffairs.gov.au/visas/getting-a-visa/visa-listing/contributory-parent-143""]","[""Significantly more expensive but faster than the non-contributory Subclass 103 Parent Visa, which can take over 30 years"", ""Capped annual visa places create a substantial queue even for the contributory pathway"", ""Temporary Sponsored Parent Visa (Subclass 870) offers a non-permanent alternative""]",{}
Australia,https://immi.homeaffairs.gov.au/visas/getting-a-visa/visa-listing/temporary-graduate-485,Temporary Graduate Visa (Subclass 485) | Department of Home Affairs,work,Post-Study Work Rights for International Graduates,Temporary Graduate Visa (Subclass 485),detailed,Australia Temporary Graduate Visa (Subclass 485),"The Temporary Graduate Visa allows recent international graduates of an Australian institution to live and work in Australia temporarily after completing their studies, via the Post-Study Work stream or the Graduate Work stream. It serves as a common pathway toward skilled migration.","[""Recent graduate of an eligible qualification from an Australian educational institution"", ""Application lodged within 6 months of course completion"", ""Held a student visa during the qualifying course"", ""Competent English proficiency"", ""Under 50 years of age at time of application""]","[""Valid passport"", ""Evidence of completed qualification (degree certificate, transcript)"", ""Confirmation of Enrolment history"", ""English test results"", ""Overseas Student Health Cover or Overseas Visitor Health Cover"", ""Skills assessment (Graduate Work stream only, for certain occupations)""]","{""threshold_type"": ""not_applicable"", ""value"": null, ""unit"": null, ""points_required"": null, ""verified"": false, ""source_url"": null, ""effective_date"": null, ""notes"": null}",bachelor,,49,IELTS,6,,"[""completed_australian_qualification""]",2055,AUD,60,180,TRUE,2,15/01/2025,"[""Complete an eligible qualification at an Australian institution"", ""Confirm English proficiency meets the threshold"", ""Lodge Subclass 485 application within 6 months of course completion"", ""Provide health cover and, where applicable, skills assessment"", ""Receive visa grant permitting temporary work rights""]",2-6 months,"AUD 2,055 (2024 base rate)","18 months to 4 years depending on stream and qualification level (e.g., longer for regional study or higher degrees)","[""https://immi.homeaffairs.gov.au/visas/getting-a-visa/visa-listing/temporary-graduate-485""]","[""Post-Study Work stream length varies by qualification level and, in some cases, regional study location"", ""Commonly used as a bridge toward Skilled Independent or employer-sponsored permanent visas"", ""Graduate Work stream requires a skills assessment linked to a relevant occupation list""]","{""streams"": [""Post-Study Work"", ""Graduate Work""]}"
France,https://pk.ambafrance.org/-Visas-,Short-Stay Schengen Visa | Consulate of France in Pakistan,tourist,Short-Stay Tourism and Business,Schengen Visa (Short-Stay Visa),detailed,France Schengen Short-Stay Visa,"The Schengen Short-Stay Visa (Visa de court séjour) allows travel to France and the Schengen Area for tourism, business, or family visits of up to 90 days within a 180-day period. Applicants must show travel insurance, proof of accommodation, and sufficient funds.","[""Valid passport issued within the last 10 years with at least 3 months validity beyond intended departure"", ""Proof of travel medical insurance covering at least EUR 30,000"", ""Proof of accommodation and travel itinerary"", ""Sufficient financial means for the stay""]","[""Passport"", ""France-Visas online application form"", ""Biometric photo"", ""Travel medical insurance certificate"", ""Proof of accommodation (hotel booking or host invitation)"", ""Round-trip flight reservation"", ""Bank statements (last 3 months)"", ""Proof of employment or business registration""]","{""threshold_type"": ""fixed_numeric"", ""value"": 65.0, ""unit"": ""EUR_per_day"", ""points_required"": null, ""verified"": false, ""source_url"": null, ""effective_date"": null, ""notes"": ""Approximate recommended daily funds; varies if accommodation is prepaid""}",,,,,,,[],90,EUR,10,15,FALSE,,15/01/2025,"[""Create account on France-Visas website and complete online application"", ""Book appointment at VFS Global or consulate visa center"", ""Gather required documents"", ""Attend appointment for biometrics and document submission"", ""Pay visa fee"", ""Await processing decision""]","10-15 calendar days, up to 30 in exceptional cases","EUR 90 (EUR 40 for children 6-11, free under 6)",Up to 90 days within a 180-day period,"[""https://france-visas.gouv.fr/en/web/france-visas/short-stay"", ""https://pk.ambafrance.org/-Visas-""]","[""Apply no earlier than 6 months and no later than 15 days before travel"", ""Multiple-entry visas may be issued for frequent travelers with good travel history"", ""Does not permit employment in France""]",{}
France,https://france-visas.gouv.fr/en/web/france-visas/airport-transit-visa,Airport Transit Visa (ATV) | France-Visas,tourist,Airport Transit,Airport Transit Visa,overview,France Airport Transit Visa (ATV),The Airport Transit Visa permits nationals of certain countries to pass through the international zone of a French airport during a stopover without entering French territory. It is required only for onward international transit and does not grant entry into France or the Schengen Area.,"[""Nationality subject to the airport transit visa requirement"", ""Confirmed onward connecting international flight"", ""Valid visa or entry permit for the final destination if required""]","[""Passport"", ""France-Visas application form"", ""Biometric photo"", ""Confirmed onward flight ticket"", ""Visa for destination country (if applicable)""]","{""threshold_type"": ""not_applicable"", ""value"": null, ""unit"": null, ""points_required"": null, ""verified"": false, ""source_url"": null, ""effective_date"": null, ""notes"": null}",,,,,,,[],90,EUR,5,10,FALSE,,15/01/2025,"[""Check if nationality requires an airport transit visa"", ""Book appointment at nearest French consulate or visa center"", ""Submit application with onward flight ticket"", ""Attend interview if required"", ""Receive decision""]",5-10 calendar days,EUR 90,"Valid for date(s) of transit only, single or double transit","[""https://france-visas.gouv.fr/en/web/france-visas/airport-transit-visa""]","[""Only required for nationals on the EU airport transit visa list"", ""Does not allow entry into French territory beyond the international transit zone""]",{}
France,https://france-visas.gouv.fr/en/web/france-visas/talent-passport,Talent Passport (Passeport Talent) | France-Visas,work,Skilled and Highly Qualified Worker Immigration,Talent Passport (Passeport Talent),detailed,France Talent Passport for Skilled Professionals and Entrepreneurs,"The Talent Passport is a multi-year residence permit for highly qualified employees, researchers, investors, entrepreneurs, and artists contributing to France's economic and cultural development. It covers several sub-categories, each with its own eligibility criteria, and grants a renewable residence card valid up to 4 years.","[""Job offer with salary at least 1.8 times the annual French minimum wage (SMIC) for the qualified employee category"", ""Recognized qualification equivalent to at least a master's degree (for the qualified employee category)"", ""Alternatively qualifies under investor, researcher, innovative entrepreneur, or artist sub-categories"", ""No prior irregular stay in France""]","[""Valid passport"", ""Employment contract or binding job offer"", ""Diploma or degree certificate and equivalence assessment"", ""Proof of salary meeting the 1.8x SMIC threshold"", ""Long-stay visa application form (VLS-TS)"", ""Biometric photo"", ""Proof of accommodation in France""]","{""threshold_type"": ""fixed_numeric"", ""value"": 43535.0, ""unit"": ""EUR_per_year"", ""points_required"": null, ""verified"": false, ""source_url"": null, ""effective_date"": null, ""notes"": ""1.8 times the gross annual SMIC (2024 estimate) for the qualified employee sub-category""}",master,,,,,,"[""job_offer_letter"", ""degree_equivalence""]",225,EUR,30,90,TRUE,5,15/01/2025,"[""Secure a qualifying job offer or confirm eligibility under another Talent Passport sub-category"", ""Apply for long-stay visa (VLS-TS) at French consulate abroad"", ""Validate the visa online after arrival in France (OFII validation)"", ""Apply for Talent Passport residence card renewal before expiry at local prefecture""]","3-12 weeks for the visa, plus OFII validation after arrival",EUR 99 (long-stay visa) + EUR 225 (residence permit tax stamp),"Up to 4 years, renewable","[""https://france-visas.gouv.fr/en/web/france-visas/talent-passport"", ""https://www.immigration.interieur.gouv.fr/""]","[""Covers multiple sub-categories: qualified employee, researcher, investor, innovative entrepreneur, artist, and intra-company transferee"", ""Family members receive an accompanying Talent Passport family residence permit"", ""Faster processing available in some prefectures via the 'Welcome to France' label""]","{""subcategories"": [""Qualified Employee"", ""Researcher"", ""Innovative Entrepreneur"", ""Investor"", ""Artist"", ""Intra-Company Transferee""]}"
France,https://www.campusfrance.org/en/apply-for-a-student-visa,Long-Stay Student Visa (VLS-TS) | Campus France,study,Higher Education Immigration,Long-Stay Student Visa (VLS-TS Étudiant),detailed,France Long-Stay Student Visa (VLS-TS Étudiant),"The VLS-TS Étudiant is a long-stay visa acting as a residence permit for students enrolled in a full-time program at a French higher education institution. Applicants must show admission, proof of financial resources, and complete the Campus France procedure where applicable.","[""Admission letter from a recognized French higher education institution"", ""Completion of Campus France procedure (for applicants from listed countries)"", ""Proof of financial resources of at least EUR 615/month"", ""Health insurance coverage""]","[""Passport"", ""Admission letter (attestation d'inscription)"", ""Campus France procedure validation (if applicable)"", ""Proof of financial resources (bank statements, scholarship letter, or sponsor's affidavit)"", ""Proof of accommodation in France"", ""Biometric photo"", ""Academic transcripts""]","{""threshold_type"": ""fixed_numeric"", ""value"": 7380.0, ""unit"": ""EUR_per_year"", ""points_required"": null, ""verified"": false, ""source_url"": null, ""effective_date"": null, ""notes"": ""Minimum EUR 615/month resources required (2024 CROUS reference), higher for some regions""}",bachelor,,,TCF,B2,,"[""admission_letter"", ""campus_france_validation""]",99,EUR,15,60,TRUE,2,15/01/2025,"[""Complete Campus France procedure (if applicable to home country)"", ""Obtain admission to a French institution"", ""Apply for VLS-TS visa via France-Visas platform"", ""Attend consulate appointment for biometrics"", ""Validate visa online (OFII) within 3 months of arrival in France""]",2-8 weeks,"EUR 99 (visa) + EUR 50 (Campus France fee, where applicable)","1 year, renewable for duration of studies via online prefecture procedure","[""https://www.campusfrance.org/en/apply-for-a-student-visa"", ""https://france-visas.gouv.fr/en/web/france-visas/student""]","[""Can work up to 964 hours per year (approx. 60% of full-time)"", ""VLS-TS acts as residence permit for the first year; must validate online with OFII after arrival""]",{}
France,https://france-visas.gouv.fr/en/web/france-visas/family-reunification,Family Reunification Visa | France-Visas,family_reunion,Family Reunification,Family Reunification Visa (Regroupement Familial),detailed,France Family Reunification Visa,"The Family Reunification Visa allows spouses and minor children of a foreign national legally residing in France to join the sponsor. The sponsor must meet residence duration, income, and housing requirements before the application can proceed.","[""Sponsor has held a residence permit in France for at least 18 months"", ""Proof of marriage or parent-child relationship"", ""Sponsor's income meets or exceeds the French minimum wage (SMIC), adjusted for family size"", ""Sponsor has housing meeting size and sanitary standards""]","[""Passport"", ""Marriage or birth certificate"", ""Sponsor's residence permit copy"", ""Proof of sponsor's income (payslips, tax notices)"", ""Proof of adequate housing (lease, ownership documents)"", ""Long-stay visa application form"", ""Biometric photo""]","{""threshold_type"": ""fixed_numeric"", ""value"": 21621.0, ""unit"": ""EUR_per_year"", ""points_required"": null, ""verified"": false, ""source_url"": null, ""effective_date"": null, ""notes"": ""Approximate annual net SMIC reference used as minimum sponsor income threshold (2024 figures), adjusted upward for larger families""}",,18,,,,,"[""proof_of_relationship"", ""sponsor_income_proof"", ""adequate_housing_proof""]",99,EUR,180,365,TRUE,5,15/01/2025,"[""Sponsor submits family reunification request to local prefecture in France"", ""OFII verifies sponsor's housing and income conditions"", ""Prefecture approves the request and notifies French consulate abroad"", ""Family members apply for long-stay visa at the consulate"", ""Enter France and validate visa with OFII""]","6-12 months for prefecture approval, plus 2-3 months for visa issuance",EUR 99 (visa fee per family member),"Initially 1 year, renewable, tied to sponsor's residence status","[""https://france-visas.gouv.fr/en/web/france-visas/family-reunification"", ""https://www.ofii.fr/""]","[""Sponsor must have resided in France for at least 18 months before filing the request"", ""Housing must meet minimum surface area requirements based on family size"", ""Processing times vary significantly by prefecture workload""]",{}
France,https://www.euraxess.fr/france/information-assistance/entry-and-residence-conditions,Researcher Visa (Passeport Talent - Chercheur) | Euraxess France,work,Research and Academic Immigration,Talent Passport - Researcher (Passeport Talent Chercheur),detailed,France Researcher Visa (Talent Passport - Researcher Sub-Category),The Researcher sub-category of the Talent Passport is for researchers hosted by a French research institution or university under a hosting agreement (convention d'accueil). It offers a streamlined pathway with a multi-year residence card and simplified family accompaniment.,"[""Hosting agreement (convention d'accueil) signed with an approved French research institution"", ""Master's degree or higher, or equivalent research qualification"", ""Sufficient means to cover living costs during the research stay"", ""Health insurance coverage""]","[""Passport"", ""Hosting agreement (convention d'accueil)"", ""Proof of qualification (degree certificates)"", ""Proof of financial resources or salary from host institution"", ""Health insurance certificate"", ""Biometric photo""]","{""threshold_type"": ""case_by_case"", ""value"": null, ""unit"": null, ""points_required"": null, ""verified"": false, ""source_url"": null, ""effective_date"": null, ""notes"": ""Determined by hosting agreement stipend or institutional salary scale""}",master,,,,,,"[""hosting_agreement""]",225,EUR,20,60,TRUE,5,15/01/2025,"[""Sign hosting agreement with an approved French research institution"", ""Apply for long-stay visa (VLS-TS) at French consulate"", ""Validate visa with OFII after arrival in France"", ""Apply for Talent Passport - Researcher residence card renewal at local prefecture as needed""]",3-8 weeks,EUR 99 (visa) + EUR 225 (residence permit tax stamp),"Duration of hosting agreement, up to 4 years, renewable","[""https://www.euraxess.fr/france/information-assistance/entry-and-residence-conditions"", ""https://france-visas.gouv.fr/en/web/france-visas/talent-passport""]","[""No separate work permit approval required given the hosting agreement"", ""Family members can obtain accompanying Talent Passport family residence permits with immediate work rights""]",{}
France,https://france-visas.gouv.fr/en/web/france-visas/visitor,Visitor Long-Stay Visa (VLS-TS Visiteur) | France-Visas,tourist,Long-Stay Non-Working Residence,Visitor Visa (VLS-TS Visiteur),detailed,France Long-Stay Visitor Visa (VLS-TS Visiteur),"The Visitor Visa allows individuals to reside in France for more than 90 days without engaging in any professional activity, commonly used by retirees or financially independent applicants. Holders must commit not to work in France and demonstrate stable and sufficient income.","[""Commitment not to engage in professional activity in France"", ""Sufficient and stable financial resources (at least the French minimum wage, SMIC)"", ""Proof of accommodation in France for the duration of stay"", ""Health insurance coverage valid in France""]","[""Passport"", ""Proof of financial resources (bank statements, pension statements, investment income)"", ""Proof of accommodation (lease, property deed, or host attestation)"", ""Health insurance certificate"", ""Signed declaration not to engage in professional activity in France"", ""Biometric photo""]","{""threshold_type"": ""fixed_numeric"", ""value"": 12800.0, ""unit"": ""EUR_per_year"", ""points_required"": null, ""verified"": false, ""source_url"": null, ""effective_date"": null, ""notes"": ""Approximate annual net SMIC reference used as the minimum resource threshold (2024 figures)""}",,,,,,,"[""proof_of_funds"", ""no_work_declaration""]",99,EUR,15,60,TRUE,5,15/01/2025,"[""Gather proof of financial resources and accommodation"", ""Apply for VLS-TS Visiteur visa via France-Visas platform"", ""Attend consulate appointment for biometrics"", ""Enter France and validate visa online with OFII within 3 months"", ""Renew residence permit annually at local prefecture if remaining longer""]",2-8 weeks,EUR 99,"1 year, renewable annually subject to continued eligibility","[""https://france-visas.gouv.fr/en/web/france-visas/visitor""]","[""Does not permit any paid professional activity in France, salaried or self-employed"", ""Popular among retirees and remote workers paid by foreign employers outside France"", ""Renewal requires proof that resources and housing conditions are still met""]",{}
France,https://france-visas.gouv.fr/en/web/france-visas/talent-passport-innovative-economic-project,Talent Passport - Innovative Entrepreneur | France-Visas,business,Entrepreneur and Innovative Business Immigration,Talent Passport - Innovative Entrepreneur (Passeport Talent Entrepreneur),detailed,France Entrepreneur Visa (Talent Passport - Innovative Economic Project),"This Talent Passport sub-category is for entrepreneurs establishing an innovative economic project in France, typically supported by a label from a recognized incubator or public body such as French Tech. Applicants must demonstrate a real and viable project along with adequate financing.","[""Real and viable innovative economic project in France"", ""Recognition or label from an approved incubator, accelerator, or public innovation body"", ""Sufficient personal financial resources for the project's first year"", ""Higher education diploma or 5 years of relevant professional experience""]","[""Passport"", ""Business plan for the innovative project"", ""Proof of incubator/accelerator recognition or French Tech label"", ""Proof of financial resources (minimum SMIC level)"", ""Diploma or professional experience evidence"", ""Biometric photo""]","{""threshold_type"": ""fixed_numeric"", ""value"": 21621.0, ""unit"": ""EUR_per_year"", ""points_required"": null, ""verified"": false, ""source_url"": null, ""effective_date"": null, ""notes"": ""Minimum resources approximately equal to the annual SMIC reference (2024 figures)""}",bachelor,,,,,,"[""business_plan"", ""incubator_recognition""]",225,EUR,30,90,TRUE,5,15/01/2025,"[""Obtain recognition from an approved incubator or the French Tech Visa program"", ""Draft detailed business plan and financing evidence"", ""Apply for VLS-TS visa at French consulate abroad"", ""Validate visa with OFII after arrival"", ""Apply for Talent Passport residence card renewal at local prefecture""]",4-12 weeks,EUR 99 (visa) + EUR 225 (residence permit tax stamp),"Up to 4 years, renewable","[""https://france-visas.gouv.fr/en/web/france-visas/talent-passport-innovative-economic-project"", ""https://lafrenchtech.com/en/french-tech-visa/""]","[""French Tech Visa program offers a streamlined pathway for startup founders"", ""Family members receive accompanying Talent Passport family residence permits with work rights""]",{}
France,https://france-visas.gouv.fr/en/web/france-visas/trainee,Trainee Visa (VLS-TS Stagiaire) | France-Visas,work,Vocational Training and Internship Immigration,Trainee Visa (VLS-TS Stagiaire),detailed,France Trainee Visa (VLS-TS Stagiaire),The Trainee Visa allows non-EU nationals to complete an internship or vocational training placement in France under a signed internship agreement (convention de stage) with a French host organization. Applicants generally need basic French or working proficiency in the host organization's language.,"[""Signed internship agreement (convention de stage) with a French host organization"", ""Enrollment in or recent completion of a relevant course of study"", ""Sufficient financial resources for the internship duration"", ""Health insurance coverage""]","[""Passport"", ""Internship agreement (convention de stage)"", ""Proof of enrollment or academic qualification"", ""Proof of financial resources"", ""Health insurance certificate"", ""Biometric photo""]","{""threshold_type"": ""case_by_case"", ""value"": null, ""unit"": null, ""points_required"": null, ""verified"": false, ""source_url"": null, ""effective_date"": null, ""notes"": ""Internship stipend must meet minimum legal gratification threshold; shortfall may require proof of personal funds""}",none,,,,,,"[""internship_agreement""]",99,EUR,15,45,FALSE,,15/01/2025,"[""Secure internship placement and sign convention de stage with host organization"", ""Apply for VLS-TS Stagiaire visa via France-Visas platform"", ""Attend consulate appointment for biometrics"", ""Enter France and validate visa online with OFII within 3 months""]",2-6 weeks,EUR 99,"Duration of internship, typically up to 1 year, non-renewable beyond agreement terms","[""https://france-visas.gouv.fr/en/web/france-visas/trainee""]","[""Minimum legal monthly gratification (stipend) applies for internships longer than 2 months"", ""Does not directly lead to a separate work visa; conversion requires new application""]",{}
France,https://france-visas.gouv.fr/en/web/france-visas/au-pair,Au-Pair Visa | France-Visas,work,Au-Pair Cultural Exchange,Au-Pair Visa (VLS-TS Jeune Fille/Homme au Pair),overview,France Au-Pair Visa,"The Au-Pair Visa allows young people aged 18 to 30 to live with a French host family, assist with childcare and light household tasks, and attend French language classes, in exchange for accommodation, meals, and pocket money. A signed au-pair placement agreement is required.","[""Age between 18 and 30"", ""Basic French language skills"", ""Signed au-pair placement agreement with host family, approved by the local labor authority (DIRECCTE/DREETS)"", ""Enrollment in French language courses during the stay""]","[""Passport"", ""Au-pair placement agreement"", ""Proof of French language course enrollment"", ""Health insurance certificate"", ""Host family invitation and accommodation proof"", ""Biometric photo""]","{""threshold_type"": ""not_applicable"", ""value"": null, ""unit"": null, ""points_required"": null, ""verified"": false, ""source_url"": null, ""effective_date"": null, ""notes"": ""Host family provides pocket money, accommodation, and meals rather than a salary""}",none,18,30,,A1,,"[""au_pair_agreement""]",99,EUR,15,45,FALSE,,15/01/2025,"[""Find host family and sign au-pair placement agreement"", ""Obtain approval of the agreement from the local labor authority"", ""Apply for VLS-TS visa via France-Visas platform"", ""Enter France and validate visa online with OFII"", ""Enroll in French language classes as required by the agreement""]",2-6 weeks,EUR 99,"Up to 1 year, renewable up to a maximum total stay of 18 months in most cases","[""https://france-visas.gouv.fr/en/web/france-visas/au-pair""]","[""Pocket money typically around EUR 320-410/month plus board and lodging"", ""Placement agreement must be validated by the local labor authority before visa application""]",{}
France,https://france-visas.gouv.fr/en/web/france-visas/job-seeker-or-business-creator,Job Seeker / Business Creator Visa | France-Visas,work,Job Search and Business Creation Immigration,Job Seeker / Business Creator Visa (Recherche d'Emploi ou Création d'Entreprise),detailed,France Job Seeker / Business Creator Residence Permit,This residence permit allows recent graduates of French institutions or former Talent Passport holders to remain in France for up to 12 months to seek qualifying employment or establish a business. It does not itself authorize work but permits conversion to a work-authorizing permit once a qualifying opportunity is secured.,"[""Master's degree or equivalent obtained from a French institution within the last 4 years, OR former Talent Passport holder"", ""Sufficient financial resources for the job search or business creation period"", ""Genuine intent to seek employment matching qualifications or to create a business""]","[""Passport"", ""Degree certificate from French institution or prior Talent Passport residence permit"", ""Proof of financial resources"", ""Current or most recent residence permit"", ""Biometric photo""]","{""threshold_type"": ""fixed_numeric"", ""value"": 8400.0, ""unit"": ""EUR_per_year"", ""points_required"": null, ""verified"": false, ""source_url"": null, ""effective_date"": null, ""notes"": ""Approximate minimum resources equivalent to about half the annual SMIC reference (2024 figures)""}",master,,,,,,"[""french_degree_or_prior_talent_passport"", ""proof_of_funds""]",225,EUR,20,60,FALSE,,15/01/2025,"[""Confirm eligibility as a recent French graduate or former Talent Passport holder"", ""Apply for residence permit renewal for job search/business creation purposes at local prefecture (or visa if applying from abroad)"", ""Search for qualifying employment or establish business during the permit period"", ""Convert to an appropriate work or Talent Passport permit once a qualifying opportunity is secured""]",3-8 weeks,EUR 225 (residence permit tax stamp),"12 months, non-renewable beyond the initial period","[""https://france-visas.gouv.fr/en/web/france-visas/job-seeker-or-business-creator""]","[""Does not by itself authorize employment; must convert to a work permit once a job or business is secured"", ""Available to graduates of French master's programs within 4 years of graduation""]",{}
France,https://france-visas.gouv.fr/en/web/france-visas/salaried-worker,Salaried Worker Visa (VLS-TS Salarié) | France-Visas,work,General Employee Work Immigration,Salaried Worker Visa (VLS-TS Salarié),detailed,France Salaried Worker Visa (VLS-TS Salarié),The Salarié Visa is for non-EU nationals with a standard employment contract in France where the position does not qualify under the Talent Passport thresholds. The employer must obtain a work authorization from the labor administration before the employee applies for the visa.,"[""Employment contract of at least 12 months with a French employer"", ""Employer has obtained work authorization from the labor administration (DREETS)"", ""Position and salary comply with French labor market and wage requirements"", ""Relevant qualifications or experience for the role""]","[""Passport"", ""Employment contract"", ""Work authorization approval from DREETS"", ""Proof of employer's registration in France"", ""Biometric photo"", ""Health insurance coverage (via employment)""]","{""threshold_type"": ""case_by_case"", ""value"": null, ""unit"": null, ""points_required"": null, ""verified"": false, ""source_url"": null, ""effective_date"": null, ""notes"": ""Salary must comply with French minimum wage (SMIC) and applicable collective bargaining agreement rates""}",,,,,,,"[""job_offer_letter"", ""dreets_work_authorization""]",225,EUR,60,120,TRUE,5,15/01/2025,"[""Employer applies for work authorization with DREETS (labor administration)"", ""Once approved, employee applies for VLS-TS Salari\u00e9 visa at French consulate abroad"", ""Validate visa online with OFII after arrival in France"", ""Renew residence permit at local prefecture before expiry""]",2-4 months including labor authorization review,EUR 99 (visa) + EUR 225 (residence permit tax stamp),"Up to 4 years or duration of contract, renewable","[""https://france-visas.gouv.fr/en/web/france-visas/salaried-worker""]","[""Broader eligibility than Talent Passport but requires labor market authorization review"", ""Processing time depends heavily on DREETS review of labor market conditions""]",{}
Japan,https://www.pk.emb-japan.go.jp/itpr_en/visa.html,Temporary Visitor Visa | Embassy of Japan,tourist,Short-Stay Tourism and Business Visits,Temporary Visitor Visa,detailed,Japan Temporary Visitor Visa,"The Temporary Visitor Visa allows entry to Japan for tourism, visiting relatives, or short business trips for up to 90 days, or up to 15/30 days for some nationalities. It does not permit any remunerated activity and requires proof of sufficient funds and a return itinerary.","[""Purpose of visit is tourism, visiting family, or short-term business"", ""No intention to engage in paid work"", ""Sufficient funds to cover the stay"", ""Confirmed return or onward travel itinerary""]","[""Valid passport"", ""Visa application form"", ""Passport-size photo"", ""Round-trip flight itinerary"", ""Proof of accommodation"", ""Bank statements or financial evidence"", ""Invitation letter (if visiting family or on business)""]","{""threshold_type"": ""case_by_case"", ""value"": null, ""unit"": null, ""points_required"": null, ""verified"": false, ""source_url"": null, ""effective_date"": null, ""notes"": ""No fixed amount; consular officer assesses sufficiency of funds relative to length of stay""}",,,,,,,[],3000,JPY,5,10,FALSE,,15/01/2025,"[""Complete visa application form"", ""Gather supporting documents"", ""Submit application at Japanese embassy/consulate or via accredited travel agency"", ""Attend interview if requested"", ""Collect visa or passport with visa affixed""]",5-10 business days,"JPY 3,000 (single entry), JPY 6,000 (multiple entry)",Stay of up to 90 days (varies by nationality); visa itself typically valid for 3 months from issuance for entry,"[""https://www.pk.emb-japan.go.jp/itpr_en/visa.html"", ""https://www.mofa.go.jp/j_info/visit/visa/""]","[""Many nationalities benefit from visa exemption arrangements for short stays"", ""Does not permit any form of paid employment in Japan"", ""Multiple-entry visas available for frequent business travelers with sufficient economic ties""]",{}
Japan,https://www.studyinjapan.go.jp/en/planning/visa/,Student Visa | Study in Japan (MEXT),study,Higher Education and Language Student Immigration,Student Visa (Ryugaku),detailed,Japan Student Visa (Ryugaku),"The Student Visa (Ryugaku) allows enrollment in full-time study at a Japanese university, vocational school, or language institute. Applicants require a Certificate of Eligibility (COE) issued by the Japanese Immigration Services Agency before applying for the visa at a consulate abroad.","[""Certificate of Eligibility (COE) issued by the receiving institution/Immigration Services Agency"", ""Acceptance letter from a Japanese educational institution"", ""Proof of sufficient financial resources for tuition and living costs"", ""Meets health and character requirements""]","[""Valid passport"", ""Certificate of Eligibility (COE)"", ""Acceptance letter from institution"", ""Visa application form"", ""Passport-size photo"", ""Proof of financial resources (bank statements, sponsor's affidavit)"", ""Academic transcripts""]","{""threshold_type"": ""fixed_numeric"", ""value"": 2000000.0, ""unit"": ""JPY_per_year"", ""points_required"": null, ""verified"": false, ""source_url"": null, ""effective_date"": null, ""notes"": ""Approximate minimum funds recommended to cover tuition and living costs (varies by city and institution)""}",none,,,JLPT,N5,,"[""certificate_of_eligibility"", ""acceptance_letter""]",3000,JPY,30,90,TRUE,10,15/01/2025,"[""Receive acceptance from a Japanese educational institution"", ""Institution applies for Certificate of Eligibility (COE) on the applicant's behalf"", ""Apply for student visa at Japanese embassy/consulate abroad with the COE"", ""Enter Japan and receive Residence Card at port of entry"", ""Register address at local municipal office""]","1-3 months for COE issuance, plus 5-10 business days for visa issuance","JPY 3,000 (single entry visa fee)","Matches Residence Card period, typically 1 or 2 years, renewable for duration of studies","[""https://www.studyinjapan.go.jp/en/planning/visa/"", ""https://www.isa.go.jp/en/index.html""]","[""Can apply for permission to engage in activities beyond visa status to work up to 28 hours/week"", ""COE processing can take 1-3 months and should be started well in advance""]",{}
Japan,https://www.mofa.go.jp/j_info/visit/w_holiday/index.html,Working Holiday Visa | Ministry of Foreign Affairs of Japan,work,Working Holiday Cultural Exchange,Working Holiday Visa,detailed,Japan Working Holiday Visa,"The Working Holiday Visa allows young people from countries with a working holiday arrangement with Japan to travel and work temporarily for up to 12 months. The visa is intended primarily for holiday purposes, with employment as a supplementary activity to support travel funds.","[""Passport from a country with a working holiday arrangement with Japan"", ""Aged 18 to 30 (or 18-25 for some partner countries)"", ""No dependent children accompanying the applicant"", ""Sufficient funds for the initial part of the stay"", ""Primary purpose is holiday, with work as a supplementary activity""]","[""Valid passport"", ""Visa application form"", ""Passport-size photo"", ""Written explanation of intended activities in Japan"", ""Bank statement or evidence of funds"", ""Return or onward flight ticket (in some cases)""]","{""threshold_type"": ""fixed_numeric"", ""value"": 250000.0, ""unit"": ""JPY_lump_sum"", ""points_required"": null, ""verified"": false, ""source_url"": null, ""effective_date"": null, ""notes"": ""Recommended minimum funds to demonstrate ability to support the initial stay""}",,18,30,,,,[],3000,JPY,5,15,FALSE,,15/01/2025,"[""Confirm nationality is party to a working holiday arrangement with Japan"", ""Prepare a written statement of intended holiday and work plans"", ""Submit application at Japanese embassy/consulate"", ""Attend interview if requested"", ""Enter Japan within the visa's validity period""]",1-3 weeks,"JPY 3,000 (single entry visa fee)","Up to 12 months from date of entry, non-renewable and non-extendable","[""https://www.mofa.go.jp/j_info/visit/w_holiday/index.html""]","[""Annual quota may apply for some partner countries"", ""Work in bars, cabarets, or businesses affecting public morals is prohibited"", ""Cannot be extended or renewed once granted""]",{}
Japan,https://www.isa.go.jp/en/publications/materials/newimmiact_3_index.html,Engineer/Specialist in Humanities/International Services Visa | Immigration Services Agency of Japan,work,Skilled Professional Employment Immigration,Engineer/Specialist in Humanities/International Services Visa,detailed,Japan Engineer/Specialist in Humanities/International Services Visa,"This status of residence covers foreign professionals working in engineering, IT, or humanities-related fields (e.g. marketing, translation, design) as well as international services roles requiring foreign cultural sensibility. Applicants generally need a relevant degree or equivalent work experience and a job offer matching their qualifications.","[""Job offer from a Japanese employer matching the applicant's field of expertise"", ""Bachelor's degree in a relevant field, or equivalent professional experience (typically 10 years for humanities roles without a matching degree)"", ""Certificate of Eligibility (COE) issued by the Immigration Services Agency"", ""Salary equal to or greater than that of a Japanese national in an equivalent role""]","[""Valid passport"", ""Certificate of Eligibility (COE)"", ""Employment contract or offer letter"", ""Degree certificate and transcripts"", ""Company registration documents (from employer)"", ""Visa application form"", ""Passport-size photo""]","{""threshold_type"": ""case_by_case"", ""value"": null, ""unit"": null, ""points_required"": null, ""verified"": false, ""source_url"": null, ""effective_date"": null, ""notes"": ""Salary must be equal to or greater than that of a Japanese national performing the same duties""}",bachelor,,,,,,"[""certificate_of_eligibility"", ""job_offer_letter""]",3000,JPY,30,90,TRUE,10,15/01/2025,"[""Secure a job offer from a Japanese employer"", ""Employer or applicant applies for Certificate of Eligibility (COE)"", ""Apply for visa at Japanese embassy/consulate abroad using the COE"", ""Enter Japan and receive Residence Card at port of entry"", ""Register address at local municipal office""]","1-3 months for COE issuance, plus 5-10 business days for visa issuance","JPY 3,000 (single entry visa fee)","1, 3, or 5 years depending on assessment, renewable indefinitely while employed in a qualifying role","[""https://www.isa.go.jp/en/publications/materials/newimmiact_3_index.html""]","[""One of the most common work visa categories for foreign professionals in Japan"", ""Humanities-related roles without a matching degree generally require at least 10 years of relevant experience"", ""Can lead to Permanent Resident status after 10 years of continuous residence (5 years under the points-based system for Highly Skilled Professionals)""]",{}
Japan,https://www.isa.go.jp/en/publications/materials/hsp_1.html,Highly Skilled Professional Visa | Immigration Services Agency of Japan,work,Points-Based Highly Skilled Professional Immigration,Highly Skilled Professional Visa (Category J-Skilled/N-Skilled/M-Skilled),detailed,Japan Highly Skilled Professional Visa,"The Highly Skilled Professional Visa is a points-based status for individuals in advanced academic research, advanced specialized/technical activities, or advanced business management. Applicants scoring at least 70 points on the assessment gain preferential treatment, including accelerated permanent residence eligibility and expanded family/employment privileges.","[""Minimum 70 points on the Highly Skilled Professional points assessment (academic background, career history, annual salary, age, research achievements, etc.)"", ""Job offer or business activity matching one of the three Highly Skilled Professional categories"", ""Bachelor's degree or higher, or substantial relevant professional experience"", ""Certificate of Eligibility (COE) issued by the Immigration Services Agency""]","[""Valid passport"", ""Points calculation table with supporting evidence"", ""Certificate of Eligibility (COE)"", ""Employment contract or business plan"", ""Degree certificates and professional history evidence"", ""Visa application form"", ""Passport-size photo""]","{""threshold_type"": ""points_based"", ""value"": null, ""unit"": null, ""points_required"": 70, ""verified"": false, ""source_url"": null, ""effective_date"": null, ""notes"": ""Minimum 70 points required; higher scores unlock additional benefits such as faster PR eligibility (after 1 or 3 years)""}",bachelor,,,,,70,"[""points_assessment"", ""certificate_of_eligibility""]",3000,JPY,30,90,TRUE,1,15/01/2025,"[""Complete the points calculation table to confirm eligibility (minimum 70 points)"", ""Apply for Certificate of Eligibility (COE) with supporting evidence"", ""Apply for visa at Japanese embassy/consulate abroad using the COE"", ""Enter Japan and receive Residence Card"", ""Register address at local municipal office""]","1-3 months for COE issuance, plus 5-10 business days for visa issuance","JPY 3,000 (single entry visa fee)",5-year residence period (indefinite in effect through renewals); some categories granted unconditional 5-year status,"[""https://www.isa.go.jp/en/publications/materials/hsp_1.html""]","[""80+ points allows permanent residence eligibility after just 1 year of residence; 70-79 points after 3 years"", ""Permits domestic employment of housekeepers and accompanying parents under certain conditions"", ""Three categories: Advanced Academic Research, Advanced Specialized/Technical Activities, Advanced Business Management""]","{""categories"": [""Advanced Academic Research Activities"", ""Advanced Specialized/Technical Activities"", ""Advanced Business Management Activities""]}"
Japan,https://www.isa.go.jp/en/policies/policies/business_manager.html,Business Manager Visa | Immigration Services Agency of Japan,business,Business Owner and Manager Immigration,Business Manager Visa,detailed,Japan Business Manager Visa,"The Business Manager Visa allows foreign nationals to start or manage a business in Japan. Applicants must establish a physical office, invest a minimum capital amount or employ at least two full-time staff, and demonstrate a viable business plan.","[""Establishment of a physical office space in Japan (not a virtual office or residence, in most cases)"", ""Minimum capital investment of JPY 5 million, or employment of at least 2 full-time staff in Japan"", ""Viable and sustainable business plan"", ""Relevant business management experience or qualifications""]","[""Valid passport"", ""Certificate of Eligibility (COE)"", ""Business plan"", ""Proof of office lease"", ""Company registration documents (certificate of registered matters)"", ""Evidence of capital investment or staffing"", ""Visa application form""]","{""threshold_type"": ""fixed_numeric"", ""value"": 5000000.0, ""unit"": ""JPY_capital"", ""points_required"": null, ""verified"": false, ""source_url"": null, ""effective_date"": null, ""notes"": ""Minimum capital investment of JPY 5,000,000, or equivalent staffing of at least 2 full-time employees""}",,,,,,,"[""business_plan"", ""physical_office"", ""minimum_capital_or_staffing""]",3000,JPY,30,90,TRUE,10,15/01/2025,"[""Register a company in Japan and secure physical office space"", ""Deposit minimum capital or arrange qualifying staffing"", ""Draft detailed business plan"", ""Apply for Certificate of Eligibility (COE)"", ""Apply for visa at Japanese embassy/consulate using the COE"", ""Enter Japan and register the business address""]","1-3 months for COE issuance, plus 5-10 business days for visa issuance","JPY 3,000 (single entry visa fee)","1, 3, or 5 years depending on business track record, renewable subject to continued business operation","[""https://www.isa.go.jp/en/policies/policies/business_manager.html""]","[""Renewal requires evidence of continued, viable business operations"", ""A virtual office or home address generally does not satisfy the physical office requirement"", ""Business must remain operational and profitable or show a credible path to viability at renewal""]",{}
Japan,https://www.isa.go.jp/en/ssw/index.html,Specified Skilled Worker Visa | Immigration Services Agency of Japan,work,Sector-Specific Skilled Labor Immigration,Specified Skilled Worker Visa (Tokutei Ginou),detailed,Japan Specified Skilled Worker Visa (i and ii),"The Specified Skilled Worker Visa was created to address labor shortages in designated industry sectors such as caregiving, construction, and food service. It has two types: Type (i) for a specific skill level with a maximum 5-year stay and no family accompaniment, and Type (ii) for a higher skill level allowing renewable stays and family members.","[""Passing scores on the relevant Specified Skills Evaluation Test and Japanese Language Proficiency Test (N4 or higher), or completion of Technical Intern Training in a related field"", ""Job offer in one of the designated industry sectors"", ""For Type (ii): additional higher-level skills test and supervisory/skilled experience""]","[""Valid passport"", ""Certificate of Eligibility (COE)"", ""Specified Skills Evaluation Test certificate"", ""Japanese language test certificate (JLPT N4 or JFT-Basic)"", ""Employment contract"", ""Support plan from the receiving organization (Type i)""]","{""threshold_type"": ""case_by_case"", ""value"": null, ""unit"": null, ""points_required"": null, ""verified"": false, ""source_url"": null, ""effective_date"": null, ""notes"": ""Salary must be equal to or greater than that of a Japanese national performing equivalent duties""}",none,,,JLPT,N4,,"[""specified_skills_test"", ""certificate_of_eligibility""]",3000,JPY,30,90,TRUE,10,15/01/2025,"[""Pass the Specified Skills Evaluation Test and required Japanese language test (or transition from Technical Intern Training)"", ""Secure job offer from a registered accepting organization"", ""Employer prepares support plan (Type i) and applies for Certificate of Eligibility"", ""Apply for visa at Japanese embassy/consulate using the COE"", ""Enter Japan and register address at local municipal office""]","1-3 months for COE issuance, plus 5-10 business days for visa issuance","JPY 3,000 (single entry visa fee)","Type (i): up to 5 years total, non-renewable beyond that and no family accompaniment; Type (ii): renewable indefinitely with family accompaniment allowed","[""https://www.isa.go.jp/en/ssw/index.html""]","[""Covers 12 designated sectors including nursing care, construction, food and beverage manufacturing, and agriculture"", ""Type (ii) skilled workers may eventually qualify for permanent residence after sufficient years of qualifying residence"", ""Transition from Technical Intern Training (Ginou Jisshu) to Specified Skilled Worker Type (i) is a common pathway""]","{""types"": [""Type (i)"", ""Type (ii)""]}"
Japan,https://www.otit.go.jp/en/,Technical Intern Training Visa | Organization for Technical Intern Training (OTIT),work,Technical Intern Training Program,Technical Intern Training Visa (Ginou Jisshu),overview,Japan Technical Intern Training Visa (Ginou Jisshu),"The Technical Intern Training Visa enables foreign nationals to acquire skills and technology through supervised on-the-job training with a Japanese host company, under a program overseen by the Organization for Technical Intern Training (OTIT). It progresses through stages (i), (ii), and (iii) with increasing skill levels and duration.","[""Sponsorship by an approved sending organization in the home country and accepting organization in Japan"", ""Basic Japanese language ability (varies by stage)"", ""Training plan approved by OTIT"", ""Intention to return home and apply acquired skills after training""]","[""Valid passport"", ""Certificate of Eligibility (COE)"", ""Technical intern training plan approved by OTIT"", ""Employment/training contract"", ""Health examination results"", ""Visa application form""]","{""threshold_type"": ""not_applicable"", ""value"": null, ""unit"": null, ""points_required"": null, ""verified"": false, ""source_url"": null, ""effective_date"": null, ""notes"": ""Trainee receives an allowance/wage set by the accepting organization, subject to minimum wage laws""}",none,18,,JLPT,N5,,"[""otit_approved_training_plan"", ""sending_and_accepting_organization""]",3000,JPY,30,90,FALSE,,15/01/2025,"[""Register with an approved sending organization in home country"", ""Match with an accepting organization in Japan"", ""OTIT reviews and approves the technical intern training plan"", ""Apply for Certificate of Eligibility and visa"", ""Enter Japan and begin supervised training""]","1-3 months for COE issuance, plus 5-10 business days for visa issuance","JPY 3,000 (single entry visa fee)","Up to 1 year (stage i), extendable to a maximum of 5 years total across stages (ii) and (iii)","[""https://www.otit.go.jp/en/""]","[""Program has faced criticism over labor conditions; reforms are in progress including a planned transition to a new 'Ikusei Shuro' (Employment for Skill Development) program"", ""Does not directly lead to permanent residence"", ""Common transition pathway into the Specified Skilled Worker Type (i) visa after completing stage (ii)""]",{}
Japan,https://www.isa.go.jp/en/applications/status/spouse.html,Spouse or Child of Japanese National Visa | Immigration Services Agency of Japan,family_reunion,Spousal and Family Reunification,Spouse or Child of Japanese National Visa,detailed,Japan Spouse or Child of Japanese National Visa,This residence status is for the legal spouse or biological/adopted child of a Japanese national. It grants broad work rights without occupational restriction and typically offers a smoother path toward permanent residence than most work-based visas.,"[""Legally married to a Japanese national, or biological/adopted child of a Japanese national"", ""Genuine and continuing marital or parent-child relationship"", ""Meets health and character requirements"", ""Sponsor (Japanese national) able to provide evidence of the relationship and living arrangements""]","[""Valid passport"", ""Certificate of Eligibility (COE)"", ""Marriage certificate or birth/adoption certificate"", ""Japanese spouse's family register (koseki tohon)"", ""Evidence of relationship (photos, communication records)"", ""Proof of financial stability of the household"", ""Visa application form""]","{""threshold_type"": ""not_applicable"", ""value"": null, ""unit"": null, ""points_required"": null, ""verified"": false, ""source_url"": null, ""effective_date"": null, ""notes"": ""No fixed income requirement, though household financial stability is considered during examination""}",,,,,,,"[""proof_of_relationship"", ""certificate_of_eligibility""]",3000,JPY,30,90,TRUE,3,15/01/2025,"[""Register marriage or establish parent-child relationship legally"", ""Japanese spouse/parent applies for Certificate of Eligibility on behalf of the applicant"", ""Apply for visa at Japanese embassy/consulate abroad using the COE"", ""Enter Japan and receive Residence Card"", ""Register address at local municipal office""]","1-3 months for COE issuance, plus 5-10 business days for visa issuance","JPY 3,000 (single entry visa fee)","1, 3, or 5 years depending on assessment, renewable while the relationship continues","[""https://www.isa.go.jp/en/applications/status/spouse.html""]","[""No restriction on type of employment, unlike most work-based visa categories"", ""Immigration authorities may scrutinize marriages of convenience closely"", ""Can generally apply for Permanent Resident status after 3 years of marriage and 1 year of residence in Japan""]",{}
Japan,https://www.isa.go.jp/en/applications/status/newimmiact_3_index.html,Permanent Resident Status | Immigration Services Agency of Japan,permanent_residency,Permanent Residence,Permanent Resident Visa,detailed,Japan Permanent Resident Status,"Permanent Resident status removes the need for periodic residence renewal and activity restrictions, allowing indefinite stay and any lawful employment. Standard eligibility generally requires 10 years of continuous residence, with shorter qualifying periods for spouses of Japanese nationals and Highly Skilled Professionals.","[""Generally at least 10 continuous years of residence in Japan, including at least 5 years under a working or equivalent status (shorter periods apply for spouses of Japanese nationals and Highly Skilled Professionals)"", ""Good conduct with no criminal record"", ""Sufficient independent means of livelihood"", ""Current residence status period is the maximum available for that category""]","[""Valid passport and Residence Card"", ""Application for Permission for Permanent Residence"", ""Reason for application (statement)"", ""Tax payment and pension contribution records"", ""Employment certificate or income evidence"", ""Guarantor's letter of guarantee""]","{""threshold_type"": ""case_by_case"", ""value"": null, ""unit"": null, ""points_required"": null, ""verified"": false, ""source_url"": null, ""effective_date"": null, ""notes"": ""Assessed via tax records, income stability, and independent means of livelihood rather than a single fixed figure""}",,,,,,,"[""ten_years_continuous_residence_or_exemption"", ""tax_and_pension_compliance""]",0,JPY,120,365,TRUE,0,15/01/2025,"[""Confirm continuous residence period and tax/pension payment compliance"", ""Gather required documents including guarantor's letter"", ""Submit Application for Permission for Permanent Residence at regional immigration bureau"", ""Await examination (may include additional document requests)"", ""Receive Permanent Resident Residence Card upon approval""]","4-12 months, often longer in practice","No application fee; JPY 8,000 revenue stamp payable only upon approval",Indefinite residence status; Residence Card must still be renewed periodically (every 7 years) though the status itself does not expire,"[""https://www.isa.go.jp/en/applications/status/newimmiact_3_index.html""]","[""Does not equate to Japanese citizenship; permanent residents remain foreign nationals"", ""Continuous residence can be interrupted by long absences from Japan"", ""Highly Skilled Professionals with 70+ points may qualify after just 3 years, or 1 year with 80+ points""]",{}
Japan,https://www.isa.go.jp/en/applications/status/long_term_resident.html,Long-Term Resident Visa | Immigration Services Agency of Japan,family_reunion,Long-Term Residence for Special Circumstances,Long-Term Resident Visa (Teijusha),overview,Japan Long-Term Resident Visa (Teijusha),"The Long-Term Resident status is granted at the Ministry of Justice's discretion for individuals with special circumstances, such as third-generation descendants of Japanese emigrants (Nikkeijin), refugees, or long-term partners of Japanese residents in specific situations. It grants unrestricted work rights.","[""Third-generation descendant of Japanese emigrants (Nikkeijin) with supporting genealogical evidence, OR"", ""Recognized refugee status, OR"", ""Other circumstances warranting special consideration for long-term residence at the Ministry of Justice's discretion"", ""Meets health and character requirements""]","[""Valid passport"", ""Certificate of Eligibility (COE), where applicable"", ""Evidence of Japanese ancestry (family register, genealogical documents) for Nikkeijin applicants"", ""Refugee recognition certificate (if applicable)"", ""Visa application form"", ""Reason for application (statement)""]","{""threshold_type"": ""not_applicable"", ""value"": null, ""unit"": null, ""points_required"": null, ""verified"": false, ""source_url"": null, ""effective_date"": null, ""notes"": ""No fixed income requirement; sufficiency of means considered case by case during examination""}",,,,,,,"[""qualifying_special_circumstance""]",3000,JPY,30,120,TRUE,5,15/01/2025,"[""Establish eligibility under a recognized special circumstance (e.g., Nikkeijin ancestry)"", ""Gather supporting genealogical or status documentation"", ""Apply for Certificate of Eligibility where applicable"", ""Apply for visa at Japanese embassy/consulate or change of status within Japan"", ""Register address at local municipal office upon entry or approval""]","1-4 months, varies significantly by case complexity","JPY 3,000 (single entry visa fee, where applicable)","6 months, 1, 3, or 5 years depending on assessment, renewable","[""https://www.isa.go.jp/en/applications/status/long_term_resident.html""]","[""No restriction on type of employment, similar to spouse-based statuses"", ""Nikkeijin (Japanese descendant) pathway is commonly used by Brazilian and Peruvian nationals of Japanese ancestry"", ""Granted at the discretion of the Ministry of Justice based on individual humanitarian or ancestral circumstances""]",{}
Qatar,https://portal.moi.gov.qa/qatarportal/visa/tourist-visa,"Tourist Visa | Ministry of Interior, State of Qatar",tourist,Short-Stay Tourism,Tourist Visa,detailed,Qatar Tourist Visa,"The Qatar Tourist Visa allows short-term entry for tourism purposes, with many nationalities eligible for visa-free or visa-on-arrival entry for up to 30 days, extendable once. Other nationalities must apply in advance through an approved sponsor, hotel, or airline.","[""Passport valid for at least 6 months"", ""Confirmed onward or return travel ticket"", ""Proof of hotel booking or local sponsor/host"", ""Sufficient funds for the stay""]","[""Passport"", ""Passport-size photo"", ""Confirmed hotel reservation or host invitation"", ""Return or onward flight ticket"", ""Travel health insurance (recommended)""]","{""threshold_type"": ""not_applicable"", ""value"": null, ""unit"": null, ""points_required"": null, ""verified"": false, ""source_url"": null, ""effective_date"": null, ""notes"": null}",,,,,,,[],0,QAR,1,5,FALSE,,15/01/2025,"[""Check nationality eligibility for visa-free or visa-on-arrival entry"", ""If required, apply online via the Ministry of Interior Hukoomi portal or through an approved airline/hotel sponsor"", ""Provide passport and travel details"", ""Receive e-visa or visa on arrival at Hamad International Airport"", ""Extend visa online if a longer stay is needed""]",Instant to 5 business days depending on nationality and application channel,Free for eligible nationalities (visa-free/on-arrival); QAR 100-200 for extension where applicable,"Up to 30 days, extendable once for an additional 30 days","[""https://portal.moi.gov.qa/qatarportal/visa/tourist-visa"", ""https://www.visitqatar.qa/""]","[""Over 95 nationalities are eligible for visa-free or visa-on-arrival entry to Qatar"", ""Does not permit employment"", ""Extension must be applied for before the initial visa expires""]",{}
Qatar,https://portal.moi.gov.qa/qatarportal/visa/business-visa,"Business Visit Visa | Ministry of Interior, State of Qatar",business,Short-Term Business Visits,Business Visa,overview,Qatar Business Visit Visa,"The Business Visa allows foreign nationals to enter Qatar temporarily to attend meetings, conferences, or explore business opportunities, sponsored by a Qatari company. It does not permit employment or salaried work with the sponsoring or any other entity.","[""Sponsorship or invitation letter from a registered Qatari company"", ""Purpose limited to meetings, negotiations, or conferences"", ""Passport valid for at least 6 months"", ""No intention to take up local employment""]","[""Passport"", ""Invitation letter from Qatari sponsoring company"", ""Company registration documents (from sponsor)"", ""Passport-size photo"", ""Return flight ticket""]","{""threshold_type"": ""not_applicable"", ""value"": null, ""unit"": null, ""points_required"": null, ""verified"": false, ""source_url"": null, ""effective_date"": null, ""notes"": null}",,,,,,,"[""sponsor_invitation_letter""]",200,QAR,3,10,FALSE,,15/01/2025,"[""Qatari sponsoring company submits business visa request via Hukoomi portal"", ""Provide passport and supporting business documents"", ""Await approval and receive e-visa"", ""Enter Qatar within the visa's validity window""]",3-10 business days,"QAR 200 (approximate, single entry)","Up to 30 days, single or multiple entry depending on visa type requested","[""https://portal.moi.gov.qa/qatarportal/visa/business-visa""]","[""Must be sponsored by a company registered in Qatar"", ""Does not authorize any paid work or salaried activity""]",{}
Qatar,https://portal.moi.gov.qa/qatarportal/visa/work-visa,"Work Visa and Residence Permit | Ministry of Interior, State of Qatar",work,Employer-Sponsored Employment Immigration,Work Visa (Residence Permit),detailed,Qatar Work Visa and Residence Permit (Qatar ID),"The Work Visa allows foreign nationals to be employed by a Qatari employer, who acts as sponsor for entry, residence, and work authorization under the Qatar ID (Residence Permit) system. Employment contracts must be registered with the Ministry of Labour, and workers are covered under the Wage Protection System.","[""Signed employment contract with a Qatari employer"", ""Employer holds a valid Computer Card/establishment registration authorizing recruitment"", ""Medical fitness test cleared upon arrival"", ""Qualifications matching the job role (as required by the position)""]","[""Passport"", ""Employment contract"", ""Work permit approval from Ministry of Labour"", ""Educational and professional certificates (attested)"", ""Medical fitness certificate"", ""Passport-size photo"", ""Employer's sponsorship documents""]","{""threshold_type"": ""case_by_case"", ""value"": null, ""unit"": null, ""points_required"": null, ""verified"": false, ""source_url"": null, ""effective_date"": null, ""notes"": ""Salary set by employment contract; no universal minimum wage figure beyond Qatar's minimum wage law covering all sectors""}",,18,,,,,"[""employment_contract"", ""ministry_of_labour_approval""]",800,QAR,20,60,FALSE,,15/01/2025,"[""Employer obtains work permit approval from Ministry of Labour"", ""Employer applies for entry visa on employee's behalf"", ""Employee enters Qatar and undergoes medical fitness test"", ""Employee provides biometrics for Qatar ID (Residence Permit)"", ""Residence Permit (Qatar ID) issued, activating legal residence and work authorization""]",3-8 weeks including entry visa and Qatar ID issuance,"QAR 500-800 (covering work permit, entry visa, and Qatar ID, typically paid by employer)","Tied to employment contract duration, typically 1-2 years, renewable while employed","[""https://portal.moi.gov.qa/qatarportal/visa/work-visa"", ""https://www.mol.gov.qa/en/""]","[""Qatar abolished the exit permit requirement for most workers under labor reforms"", ""Workers are covered by the Wage Protection System (WPS) ensuring salary payment via bank transfer"", ""Changing employers is now permitted without the previous employer's No Objection Certificate in most cases, subject to notice period rules""]",{}
Qatar,https://portal.moi.gov.qa/qatarportal/visa/family-visa,"Family Residence Permit (Dependent Visa) | Ministry of Interior, State of Qatar",family_reunion,Family Sponsorship and Dependent Residency,Family Residence Permit (Dependent Visa),detailed,Qatar Family Residence Permit (Dependent Visa),"The Family Residence Permit allows an expatriate worker in Qatar meeting a minimum salary threshold to sponsor their spouse and children to reside with them. Sponsors typically need a salary of at least QAR 10,000 per month, or QAR 7,000 with employer-provided housing.","[""Sponsor holds a valid Qatar work residence permit"", ""Sponsor's monthly salary is at least QAR 10,000 (or QAR 7,000 with employer housing provided), subject to profession-based exceptions"", ""Legal marriage certificate for spouse sponsorship"", ""Dependents are spouse and/or unmarried children under a specified age (exceptions for disabled or studying children)""]","[""Sponsor's passport and Qatar ID"", ""Dependent's passport"", ""Marriage certificate (attested) for spouse sponsorship"", ""Birth certificates (attested) for children"", ""Sponsor's salary certificate or employment contract"", ""Proof of accommodation suitable for family""]","{""threshold_type"": ""fixed_numeric"", ""value"": 10000.0, ""unit"": ""QAR_per_month"", ""points_required"": null, ""verified"": false, ""source_url"": null, ""effective_date"": null, ""notes"": ""Standard minimum sponsor salary threshold; QAR 7,000/month accepted if employer provides housing, with exceptions for certain professions""}",,,,,,,"[""sponsor_salary_threshold"", ""proof_of_relationship""]",600,QAR,20,45,FALSE,,15/01/2025,"[""Sponsor confirms salary meets the family sponsorship threshold"", ""Sponsor applies for family/dependent entry permit via Ministry of Interior Hukoomi portal"", ""Dependents enter Qatar and complete medical fitness tests"", ""Dependents provide biometrics for their Qatar ID (Residence Permit)"", ""Residence permits issued for spouse and children""]",3-6 weeks,"QAR 500-600 per dependent (covering entry permit and Qatar ID, typically paid by sponsor)","Tied to sponsor's residence permit validity, typically 1-2 years, renewable","[""https://portal.moi.gov.qa/qatarportal/visa/family-visa""]","[""Salary threshold and eligible professions are set by the Ministry of Interior and may be updated periodically"", ""Sons generally lose dependent eligibility after a certain age unless still studying"", ""Sponsored spouses may apply for work permits separately once residing in Qatar""]",{}
Qatar,https://portal.moi.gov.qa/qatarportal/visa/student-visa,"Student Residence Permit | Ministry of Interior, State of Qatar",study,Higher Education Student Immigration,Student Visa (Student Residence Permit),detailed,Qatar Student Residence Permit,"The Student Visa allows international students to reside in Qatar while enrolled full-time at a recognized university or educational institution, such as those in Education City. The institution typically acts as sponsor for the student's residence permit.","[""Acceptance letter from a recognized Qatari higher education institution"", ""Sponsorship by the educational institution or a Qatari resident guardian"", ""Proof of financial ability to cover tuition and living expenses"", ""Medical fitness test cleared upon arrival""]","[""Passport"", ""University acceptance letter"", ""Sponsorship letter from institution or guardian"", ""Proof of financial support (bank statements or scholarship letter)"", ""Academic transcripts and certificates (attested)"", ""Medical fitness certificate"", ""Passport-size photo""]","{""threshold_type"": ""case_by_case"", ""value"": null, ""unit"": null, ""points_required"": null, ""verified"": false, ""source_url"": null, ""effective_date"": null, ""notes"": ""Financial capacity assessed relative to tuition and living costs; varies by institution, no universal fixed figure""}",none,,,IELTS,6,,"[""university_acceptance_letter"", ""institution_sponsorship""]",600,QAR,20,45,FALSE,,15/01/2025,"[""Receive admission offer from a Qatari university or institution"", ""Institution submits student residence permit sponsorship request"", ""Student enters Qatar and undergoes medical fitness test"", ""Student provides biometrics for Qatar ID (Residence Permit)"", ""Residence permit issued for duration of academic program""]",3-6 weeks,"QAR 500-600 (covering entry permit and Qatar ID, often subsidized or covered by the institution)","Typically 1 year, renewable annually for the duration of the academic program","[""https://portal.moi.gov.qa/qatarportal/visa/student-visa"", ""https://www.qf.org.qa/education""]","[""Many international students study at Education City campuses under institutional sponsorship arrangements"", ""Part-time work rights are limited and generally require additional permission"", ""Must maintain full-time enrollment status to keep residence permit valid""]",{}
Qatar,https://portal.moi.gov.qa/qatarportal/visa/permanent-residency,"Permanent Residency Permit | Ministry of Interior, State of Qatar",permanent_residency,Investor and Special-Category Permanent Residency,Permanent Residency Permit,detailed,Qatar Permanent Residency Permit,"Qatar's Permanent Residency Permit grants long-term residence rights, including access to free education and healthcare and the ability to own certain businesses fully, to a limited number of qualifying expatriates such as significant investors, individuals with special skills contributing to Qatar, and children of Qatari mothers married to non-Qatari fathers.","[""Significant investment in the Qatari economy (real estate or business), OR"", ""Individual possessing special or rare skills of value to Qatar, OR"", ""Long-term legal residence in Qatar with an exceptional contribution record, OR"", ""Child of a Qatari mother and non-Qatari father"", ""Meets security and background clearance requirements""]","[""Passport"", ""Evidence of qualifying investment or special skills/contribution record"", ""Current Qatar residence permit history"", ""Security clearance and background check results"", ""Application form for Permanent Residency Permit"", ""Proof of Qatari maternal parentage (where applicable)""]","{""threshold_type"": ""fixed_numeric"", ""value"": 3650000.0, ""unit"": ""QAR_investment"", ""points_required"": null, ""verified"": false, ""source_url"": null, ""effective_date"": null, ""notes"": ""Approximate minimum real estate or business investment threshold commonly cited for the investor pathway (~USD 1 million equivalent)""}",,,,,,,"[""qualifying_investment_or_special_skill"", ""security_clearance""]",0,QAR,90,365,TRUE,0,15/01/2025,"[""Confirm eligibility under investor, special skills, long-term contribution, or maternal parentage category"", ""Submit application with supporting evidence to the Permanent Residency Permit Committee"", ""Undergo security and background clearance review"", ""Await committee decision (permits are capped and subject to committee discretion)"", ""Receive Permanent Residency Permit upon approval""]","3-12 months, subject to committee review and annual quota limits",No standard published application fee; costs primarily relate to the qualifying investment itself,"Permanent (subject to periodic renewal of the physical permit card, typically every 5 years)","[""https://portal.moi.gov.qa/qatarportal/visa/permanent-residency""]","[""Number of permanent residency permits granted annually is limited by quota"", ""Grants benefits including free public education and healthcare, and full ownership of certain businesses"", ""Does not grant Qatari citizenship or voting rights""]",{}
Qatar,https://portal.moi.gov.qa/qatarportal/visa/domestic-worker-visa,"Domestic Worker Visa | Ministry of Interior, State of Qatar",work,Domestic Worker Sponsorship,Domestic Worker Visa,overview,Qatar Domestic Worker Visa,"The Domestic Worker Visa allows Qatari residents to sponsor household staff such as housemaids, drivers, or nannies. The sponsoring household must meet minimum income requirements and register the employment contract in line with the Domestic Workers Law.","[""Sponsor (household) meets minimum income requirement, generally around QAR 10,000/month"", ""Employment contract compliant with the Domestic Workers Law (Law No. 15 of 2017)"", ""Domestic worker passes medical fitness test"", ""Sponsor registers contract with Ministry of Administrative Development, Labour and Social Affairs""]","[""Domestic worker's passport"", ""Employment contract"", ""Sponsor's salary certificate or income proof"", ""Medical fitness certificate"", ""Passport-size photo"", ""Sponsor's Qatar ID and family details""]","{""threshold_type"": ""fixed_numeric"", ""value"": 10000.0, ""unit"": ""QAR_per_month"", ""points_required"": null, ""verified"": false, ""source_url"": null, ""effective_date"": null, ""notes"": ""Approximate minimum household sponsor income commonly required for domestic worker sponsorship""}",,21,,,,,"[""sponsor_income_threshold"", ""registered_employment_contract""]",700,QAR,20,45,FALSE,,15/01/2025,"[""Sponsor verifies income meets the minimum threshold"", ""Register employment contract with the labor authority"", ""Apply for entry visa and work permit for the domestic worker"", ""Domestic worker enters Qatar and completes medical fitness test"", ""Residence permit (Qatar ID) issued for the domestic worker""]",3-6 weeks,"QAR 600-700 (covering entry permit and Qatar ID, paid by sponsoring household)","Typically 1-2 years, renewable while employment continues","[""https://portal.moi.gov.qa/qatarportal/visa/domestic-worker-visa"", ""https://www.adlsa.gov.qa/en/""]","[""Governed by the Domestic Workers Law (Law No. 15 of 2017), which sets working hours, rest days, and wage protections"", ""Sponsor must provide suitable accommodation and adhere to contract terms"", ""Domestic workers are entitled to keep their own passport under current regulations""]",{}
